case_id,classification,reviewer_note
CASE-05306A86,,
CASE-059CF7A8,,
CASE-01955564,,
CASE-00318681,,
CASE-04C19989,,
CASE-0495680C,,
CASE-04989EED,,
CASE-056502A9,,
CASE-0075E018,,
CASE-05BBEB7F,,
CASE-058F648A,,
CASE-04E58484,,
CASE-041DAD93,,
CASE-04C825BB,,
CASE-011BF55C,,
CASE-002738AA,,
CASE-0033E9E3,,
CASE-01E1C66A,,
CASE-008C408C,,
CASE-01163826,,
CASE-01A18472,,
CASE-02045400,,
CASE-043FB073,,
CASE-004A6D73,,
CASE-001C657F,,
CASE-05531227,,
CASE-050A9908,,
CASE-01339645,,
CASE-0232705B,,
CASE-02B98041,,
CASE-00465AB8,,
CASE-0006ACFD,,
CASE-053DDEDA,,
CASE-04084EB5,,
CASE-04A45B2B,,
CASE-01FD9110,,
CASE-059D0137,,
CASE-0094EBBD,,
CASE-04AC23D9,,
CASE-01CC472F,,
CASE-03A363AD,,
CASE-00329F34,,
CASE-0289B9AA,,
CASE-019B2F28,,
CASE-0578C47C,,
CASE-03802CF2,,
CASE-05A40088,,
CASE-03A855A4,,
CASE-0252A612,,
CASE-049F1C3B,,
