caseId,concept,classification,comment
CASE-04010B00,MARKET_STRUCTURE,,
CASE-04010B00,LIQUIDITY,,
CASE-04010B00,DISPLACEMENT,,
CASE-04010B00,FVG,,
CASE-04010B00,ORDER_BLOCK,,
CASE-04010B00,PREMIUM_DISCOUNT,,
CASE-04010B00,MODEL_EVALUATION,,
CASE-0340340D,MARKET_STRUCTURE,,
CASE-0340340D,LIQUIDITY,,
CASE-0340340D,DISPLACEMENT,,
CASE-0340340D,FVG,,
CASE-0340340D,ORDER_BLOCK,,
CASE-0340340D,PREMIUM_DISCOUNT,,
CASE-0340340D,MODEL_EVALUATION,,
CASE-041BCFDB,MARKET_STRUCTURE,,
CASE-041BCFDB,LIQUIDITY,,
CASE-041BCFDB,DISPLACEMENT,,
CASE-041BCFDB,FVG,,
CASE-041BCFDB,ORDER_BLOCK,,
CASE-041BCFDB,PREMIUM_DISCOUNT,,
CASE-041BCFDB,MODEL_EVALUATION,,
CASE-0512B9E6,MARKET_STRUCTURE,,
CASE-0512B9E6,LIQUIDITY,,
CASE-0512B9E6,DISPLACEMENT,,
CASE-0512B9E6,FVG,,
CASE-0512B9E6,ORDER_BLOCK,,
CASE-0512B9E6,PREMIUM_DISCOUNT,,
CASE-0512B9E6,MODEL_EVALUATION,,
CASE-0226498D,MARKET_STRUCTURE,,
CASE-0226498D,LIQUIDITY,,
CASE-0226498D,DISPLACEMENT,,
CASE-0226498D,FVG,,
CASE-0226498D,ORDER_BLOCK,,
CASE-0226498D,PREMIUM_DISCOUNT,,
CASE-0226498D,MODEL_EVALUATION,,
CASE-02C9A673,MARKET_STRUCTURE,,
CASE-02C9A673,LIQUIDITY,,
CASE-02C9A673,DISPLACEMENT,,
CASE-02C9A673,FVG,,
CASE-02C9A673,ORDER_BLOCK,,
CASE-02C9A673,PREMIUM_DISCOUNT,,
CASE-02C9A673,MODEL_EVALUATION,,
CASE-0094EBBD,MARKET_STRUCTURE,,
CASE-0094EBBD,LIQUIDITY,,
CASE-0094EBBD,DISPLACEMENT,,
CASE-0094EBBD,FVG,,
CASE-0094EBBD,ORDER_BLOCK,,
CASE-0094EBBD,PREMIUM_DISCOUNT,,
CASE-0094EBBD,MODEL_EVALUATION,,
CASE-03A855A4,MARKET_STRUCTURE,,
CASE-03A855A4,LIQUIDITY,,
CASE-03A855A4,DISPLACEMENT,,
CASE-03A855A4,FVG,,
CASE-03A855A4,ORDER_BLOCK,,
CASE-03A855A4,PREMIUM_DISCOUNT,,
CASE-03A855A4,MODEL_EVALUATION,,
CASE-00F425A6,MARKET_STRUCTURE,,
CASE-00F425A6,LIQUIDITY,,
CASE-00F425A6,DISPLACEMENT,,
CASE-00F425A6,FVG,,
CASE-00F425A6,ORDER_BLOCK,,
CASE-00F425A6,PREMIUM_DISCOUNT,,
CASE-00F425A6,MODEL_EVALUATION,,
CASE-042727D6,MARKET_STRUCTURE,,
CASE-042727D6,LIQUIDITY,,
CASE-042727D6,DISPLACEMENT,,
CASE-042727D6,FVG,,
CASE-042727D6,ORDER_BLOCK,,
CASE-042727D6,PREMIUM_DISCOUNT,,
CASE-042727D6,MODEL_EVALUATION,,
CASE-028D63DD,MARKET_STRUCTURE,,
CASE-028D63DD,LIQUIDITY,,
CASE-028D63DD,DISPLACEMENT,,
CASE-028D63DD,FVG,,
CASE-028D63DD,ORDER_BLOCK,,
CASE-028D63DD,PREMIUM_DISCOUNT,,
CASE-028D63DD,MODEL_EVALUATION,,
CASE-0562C298,MARKET_STRUCTURE,,
CASE-0562C298,LIQUIDITY,,
CASE-0562C298,DISPLACEMENT,,
CASE-0562C298,FVG,,
CASE-0562C298,ORDER_BLOCK,,
CASE-0562C298,PREMIUM_DISCOUNT,,
CASE-0562C298,MODEL_EVALUATION,,
CASE-04F10182,MARKET_STRUCTURE,,
CASE-04F10182,LIQUIDITY,,
CASE-04F10182,DISPLACEMENT,,
CASE-04F10182,FVG,,
CASE-04F10182,ORDER_BLOCK,,
CASE-04F10182,PREMIUM_DISCOUNT,,
CASE-04F10182,MODEL_EVALUATION,,
CASE-05BBEB7F,MARKET_STRUCTURE,,
CASE-05BBEB7F,LIQUIDITY,,
CASE-05BBEB7F,DISPLACEMENT,,
CASE-05BBEB7F,FVG,,
CASE-05BBEB7F,ORDER_BLOCK,,
CASE-05BBEB7F,PREMIUM_DISCOUNT,,
CASE-05BBEB7F,MODEL_EVALUATION,,
CASE-04679315,MARKET_STRUCTURE,,
CASE-04679315,LIQUIDITY,,
CASE-04679315,DISPLACEMENT,,
CASE-04679315,FVG,,
CASE-04679315,ORDER_BLOCK,,
CASE-04679315,PREMIUM_DISCOUNT,,
CASE-04679315,MODEL_EVALUATION,,
CASE-05E90A13,MARKET_STRUCTURE,,
CASE-05E90A13,LIQUIDITY,,
CASE-05E90A13,DISPLACEMENT,,
CASE-05E90A13,FVG,,
CASE-05E90A13,ORDER_BLOCK,,
CASE-05E90A13,PREMIUM_DISCOUNT,,
CASE-05E90A13,MODEL_EVALUATION,,
CASE-03802CF2,MARKET_STRUCTURE,,
CASE-03802CF2,LIQUIDITY,,
CASE-03802CF2,DISPLACEMENT,,
CASE-03802CF2,FVG,,
CASE-03802CF2,ORDER_BLOCK,,
CASE-03802CF2,PREMIUM_DISCOUNT,,
CASE-03802CF2,MODEL_EVALUATION,,
CASE-00329F34,MARKET_STRUCTURE,,
CASE-00329F34,LIQUIDITY,,
CASE-00329F34,DISPLACEMENT,,
CASE-00329F34,FVG,,
CASE-00329F34,ORDER_BLOCK,,
CASE-00329F34,PREMIUM_DISCOUNT,,
CASE-00329F34,MODEL_EVALUATION,,
CASE-033B8913,MARKET_STRUCTURE,,
CASE-033B8913,LIQUIDITY,,
CASE-033B8913,DISPLACEMENT,,
CASE-033B8913,FVG,,
CASE-033B8913,ORDER_BLOCK,,
CASE-033B8913,PREMIUM_DISCOUNT,,
CASE-033B8913,MODEL_EVALUATION,,
CASE-01163826,MARKET_STRUCTURE,,
CASE-01163826,LIQUIDITY,,
CASE-01163826,DISPLACEMENT,,
CASE-01163826,FVG,,
CASE-01163826,ORDER_BLOCK,,
CASE-01163826,PREMIUM_DISCOUNT,,
CASE-01163826,MODEL_EVALUATION,,
CASE-02E06A20,MARKET_STRUCTURE,,
CASE-02E06A20,LIQUIDITY,,
CASE-02E06A20,DISPLACEMENT,,
CASE-02E06A20,FVG,,
CASE-02E06A20,ORDER_BLOCK,,
CASE-02E06A20,PREMIUM_DISCOUNT,,
CASE-02E06A20,MODEL_EVALUATION,,
CASE-00C68644,MARKET_STRUCTURE,,
CASE-00C68644,LIQUIDITY,,
CASE-00C68644,DISPLACEMENT,,
CASE-00C68644,FVG,,
CASE-00C68644,ORDER_BLOCK,,
CASE-00C68644,PREMIUM_DISCOUNT,,
CASE-00C68644,MODEL_EVALUATION,,
CASE-056D4A65,MARKET_STRUCTURE,,
CASE-056D4A65,LIQUIDITY,,
CASE-056D4A65,DISPLACEMENT,,
CASE-056D4A65,FVG,,
CASE-056D4A65,ORDER_BLOCK,,
CASE-056D4A65,PREMIUM_DISCOUNT,,
CASE-056D4A65,MODEL_EVALUATION,,
CASE-004A6D73,MARKET_STRUCTURE,,
CASE-004A6D73,LIQUIDITY,,
CASE-004A6D73,DISPLACEMENT,,
CASE-004A6D73,FVG,,
CASE-004A6D73,ORDER_BLOCK,,
CASE-004A6D73,PREMIUM_DISCOUNT,,
CASE-004A6D73,MODEL_EVALUATION,,
CASE-02730D59,MARKET_STRUCTURE,,
CASE-02730D59,LIQUIDITY,,
CASE-02730D59,DISPLACEMENT,,
CASE-02730D59,FVG,,
CASE-02730D59,ORDER_BLOCK,,
CASE-02730D59,PREMIUM_DISCOUNT,,
CASE-02730D59,MODEL_EVALUATION,,
CASE-041DAD93,MARKET_STRUCTURE,,
CASE-041DAD93,LIQUIDITY,,
CASE-041DAD93,DISPLACEMENT,,
CASE-041DAD93,FVG,,
CASE-041DAD93,ORDER_BLOCK,,
CASE-041DAD93,PREMIUM_DISCOUNT,,
CASE-041DAD93,MODEL_EVALUATION,,
CASE-03BF89D1,MARKET_STRUCTURE,,
CASE-03BF89D1,LIQUIDITY,,
CASE-03BF89D1,DISPLACEMENT,,
CASE-03BF89D1,FVG,,
CASE-03BF89D1,ORDER_BLOCK,,
CASE-03BF89D1,PREMIUM_DISCOUNT,,
CASE-03BF89D1,MODEL_EVALUATION,,
CASE-040DB9F8,MARKET_STRUCTURE,,
CASE-040DB9F8,LIQUIDITY,,
CASE-040DB9F8,DISPLACEMENT,,
CASE-040DB9F8,FVG,,
CASE-040DB9F8,ORDER_BLOCK,,
CASE-040DB9F8,PREMIUM_DISCOUNT,,
CASE-040DB9F8,MODEL_EVALUATION,,
CASE-01DE1283,MARKET_STRUCTURE,,
CASE-01DE1283,LIQUIDITY,,
CASE-01DE1283,DISPLACEMENT,,
CASE-01DE1283,FVG,,
CASE-01DE1283,ORDER_BLOCK,,
CASE-01DE1283,PREMIUM_DISCOUNT,,
CASE-01DE1283,MODEL_EVALUATION,,
CASE-0483DF15,MARKET_STRUCTURE,,
CASE-0483DF15,LIQUIDITY,,
CASE-0483DF15,DISPLACEMENT,,
CASE-0483DF15,FVG,,
CASE-0483DF15,ORDER_BLOCK,,
CASE-0483DF15,PREMIUM_DISCOUNT,,
CASE-0483DF15,MODEL_EVALUATION,,
CASE-04807557,MARKET_STRUCTURE,,
CASE-04807557,LIQUIDITY,,
CASE-04807557,DISPLACEMENT,,
CASE-04807557,FVG,,
CASE-04807557,ORDER_BLOCK,,
CASE-04807557,PREMIUM_DISCOUNT,,
CASE-04807557,MODEL_EVALUATION,,
CASE-02311058,MARKET_STRUCTURE,,
CASE-02311058,LIQUIDITY,,
CASE-02311058,DISPLACEMENT,,
CASE-02311058,FVG,,
CASE-02311058,ORDER_BLOCK,,
CASE-02311058,PREMIUM_DISCOUNT,,
CASE-02311058,MODEL_EVALUATION,,
CASE-01E35A29,MARKET_STRUCTURE,,
CASE-01E35A29,LIQUIDITY,,
CASE-01E35A29,DISPLACEMENT,,
CASE-01E35A29,FVG,,
CASE-01E35A29,ORDER_BLOCK,,
CASE-01E35A29,PREMIUM_DISCOUNT,,
CASE-01E35A29,MODEL_EVALUATION,,
CASE-0099196D,MARKET_STRUCTURE,,
CASE-0099196D,LIQUIDITY,,
CASE-0099196D,DISPLACEMENT,,
CASE-0099196D,FVG,,
CASE-0099196D,ORDER_BLOCK,,
CASE-0099196D,PREMIUM_DISCOUNT,,
CASE-0099196D,MODEL_EVALUATION,,
CASE-02A41B29,MARKET_STRUCTURE,,
CASE-02A41B29,LIQUIDITY,,
CASE-02A41B29,DISPLACEMENT,,
CASE-02A41B29,FVG,,
CASE-02A41B29,ORDER_BLOCK,,
CASE-02A41B29,PREMIUM_DISCOUNT,,
CASE-02A41B29,MODEL_EVALUATION,,
CASE-05A08D27,MARKET_STRUCTURE,,
CASE-05A08D27,LIQUIDITY,,
CASE-05A08D27,DISPLACEMENT,,
CASE-05A08D27,FVG,,
CASE-05A08D27,ORDER_BLOCK,,
CASE-05A08D27,PREMIUM_DISCOUNT,,
CASE-05A08D27,MODEL_EVALUATION,,
CASE-05290BAF,MARKET_STRUCTURE,,
CASE-05290BAF,LIQUIDITY,,
CASE-05290BAF,DISPLACEMENT,,
CASE-05290BAF,FVG,,
CASE-05290BAF,ORDER_BLOCK,,
CASE-05290BAF,PREMIUM_DISCOUNT,,
CASE-05290BAF,MODEL_EVALUATION,,
CASE-05181B11,MARKET_STRUCTURE,,
CASE-05181B11,LIQUIDITY,,
CASE-05181B11,DISPLACEMENT,,
CASE-05181B11,FVG,,
CASE-05181B11,ORDER_BLOCK,,
CASE-05181B11,PREMIUM_DISCOUNT,,
CASE-05181B11,MODEL_EVALUATION,,
CASE-025BF424,MARKET_STRUCTURE,,
CASE-025BF424,LIQUIDITY,,
CASE-025BF424,DISPLACEMENT,,
CASE-025BF424,FVG,,
CASE-025BF424,ORDER_BLOCK,,
CASE-025BF424,PREMIUM_DISCOUNT,,
CASE-025BF424,MODEL_EVALUATION,,
CASE-03DA7A35,MARKET_STRUCTURE,,
CASE-03DA7A35,LIQUIDITY,,
CASE-03DA7A35,DISPLACEMENT,,
CASE-03DA7A35,FVG,,
CASE-03DA7A35,ORDER_BLOCK,,
CASE-03DA7A35,PREMIUM_DISCOUNT,,
CASE-03DA7A35,MODEL_EVALUATION,,
CASE-0279A7C6,MARKET_STRUCTURE,,
CASE-0279A7C6,LIQUIDITY,,
CASE-0279A7C6,DISPLACEMENT,,
CASE-0279A7C6,FVG,,
CASE-0279A7C6,ORDER_BLOCK,,
CASE-0279A7C6,PREMIUM_DISCOUNT,,
CASE-0279A7C6,MODEL_EVALUATION,,
CASE-04F106A8,MARKET_STRUCTURE,,
CASE-04F106A8,LIQUIDITY,,
CASE-04F106A8,DISPLACEMENT,,
CASE-04F106A8,FVG,,
CASE-04F106A8,ORDER_BLOCK,,
CASE-04F106A8,PREMIUM_DISCOUNT,,
CASE-04F106A8,MODEL_EVALUATION,,
CASE-00CB74B1,MARKET_STRUCTURE,,
CASE-00CB74B1,LIQUIDITY,,
CASE-00CB74B1,DISPLACEMENT,,
CASE-00CB74B1,FVG,,
CASE-00CB74B1,ORDER_BLOCK,,
CASE-00CB74B1,PREMIUM_DISCOUNT,,
CASE-00CB74B1,MODEL_EVALUATION,,
CASE-048F699C,MARKET_STRUCTURE,,
CASE-048F699C,LIQUIDITY,,
CASE-048F699C,DISPLACEMENT,,
CASE-048F699C,FVG,,
CASE-048F699C,ORDER_BLOCK,,
CASE-048F699C,PREMIUM_DISCOUNT,,
CASE-048F699C,MODEL_EVALUATION,,
CASE-011845D2,MARKET_STRUCTURE,,
CASE-011845D2,LIQUIDITY,,
CASE-011845D2,DISPLACEMENT,,
CASE-011845D2,FVG,,
CASE-011845D2,ORDER_BLOCK,,
CASE-011845D2,PREMIUM_DISCOUNT,,
CASE-011845D2,MODEL_EVALUATION,,
CASE-0116F375,MARKET_STRUCTURE,,
CASE-0116F375,LIQUIDITY,,
CASE-0116F375,DISPLACEMENT,,
CASE-0116F375,FVG,,
CASE-0116F375,ORDER_BLOCK,,
CASE-0116F375,PREMIUM_DISCOUNT,,
CASE-0116F375,MODEL_EVALUATION,,
CASE-038BFD7C,MARKET_STRUCTURE,,
CASE-038BFD7C,LIQUIDITY,,
CASE-038BFD7C,DISPLACEMENT,,
CASE-038BFD7C,FVG,,
CASE-038BFD7C,ORDER_BLOCK,,
CASE-038BFD7C,PREMIUM_DISCOUNT,,
CASE-038BFD7C,MODEL_EVALUATION,,
CASE-039BFE4E,MARKET_STRUCTURE,,
CASE-039BFE4E,LIQUIDITY,,
CASE-039BFE4E,DISPLACEMENT,,
CASE-039BFE4E,FVG,,
CASE-039BFE4E,ORDER_BLOCK,,
CASE-039BFE4E,PREMIUM_DISCOUNT,,
CASE-039BFE4E,MODEL_EVALUATION,,
CASE-019631B6,MARKET_STRUCTURE,,
CASE-019631B6,LIQUIDITY,,
CASE-019631B6,DISPLACEMENT,,
CASE-019631B6,FVG,,
CASE-019631B6,ORDER_BLOCK,,
CASE-019631B6,PREMIUM_DISCOUNT,,
CASE-019631B6,MODEL_EVALUATION,,
CASE-02DA2705,MARKET_STRUCTURE,,
CASE-02DA2705,LIQUIDITY,,
CASE-02DA2705,DISPLACEMENT,,
CASE-02DA2705,FVG,,
CASE-02DA2705,ORDER_BLOCK,,
CASE-02DA2705,PREMIUM_DISCOUNT,,
CASE-02DA2705,MODEL_EVALUATION,,
CASE-058037B8,MARKET_STRUCTURE,,
CASE-058037B8,LIQUIDITY,,
CASE-058037B8,DISPLACEMENT,,
CASE-058037B8,FVG,,
CASE-058037B8,ORDER_BLOCK,,
CASE-058037B8,PREMIUM_DISCOUNT,,
CASE-058037B8,MODEL_EVALUATION,,
CASE-01E20F49,MARKET_STRUCTURE,,
CASE-01E20F49,LIQUIDITY,,
CASE-01E20F49,DISPLACEMENT,,
CASE-01E20F49,FVG,,
CASE-01E20F49,ORDER_BLOCK,,
CASE-01E20F49,PREMIUM_DISCOUNT,,
CASE-01E20F49,MODEL_EVALUATION,,
CASE-04353AEE,MARKET_STRUCTURE,,
CASE-04353AEE,LIQUIDITY,,
CASE-04353AEE,DISPLACEMENT,,
CASE-04353AEE,FVG,,
CASE-04353AEE,ORDER_BLOCK,,
CASE-04353AEE,PREMIUM_DISCOUNT,,
CASE-04353AEE,MODEL_EVALUATION,,
CASE-02BB4061,MARKET_STRUCTURE,,
CASE-02BB4061,LIQUIDITY,,
CASE-02BB4061,DISPLACEMENT,,
CASE-02BB4061,FVG,,
CASE-02BB4061,ORDER_BLOCK,,
CASE-02BB4061,PREMIUM_DISCOUNT,,
CASE-02BB4061,MODEL_EVALUATION,,
CASE-0277C296,MARKET_STRUCTURE,,
CASE-0277C296,LIQUIDITY,,
CASE-0277C296,DISPLACEMENT,,
CASE-0277C296,FVG,,
CASE-0277C296,ORDER_BLOCK,,
CASE-0277C296,PREMIUM_DISCOUNT,,
CASE-0277C296,MODEL_EVALUATION,,
CASE-00D4FA69,MARKET_STRUCTURE,,
CASE-00D4FA69,LIQUIDITY,,
CASE-00D4FA69,DISPLACEMENT,,
CASE-00D4FA69,FVG,,
CASE-00D4FA69,ORDER_BLOCK,,
CASE-00D4FA69,PREMIUM_DISCOUNT,,
CASE-00D4FA69,MODEL_EVALUATION,,
CASE-019A51E5,MARKET_STRUCTURE,,
CASE-019A51E5,LIQUIDITY,,
CASE-019A51E5,DISPLACEMENT,,
CASE-019A51E5,FVG,,
CASE-019A51E5,ORDER_BLOCK,,
CASE-019A51E5,PREMIUM_DISCOUNT,,
CASE-019A51E5,MODEL_EVALUATION,,
CASE-00EFF24D,MARKET_STRUCTURE,,
CASE-00EFF24D,LIQUIDITY,,
CASE-00EFF24D,DISPLACEMENT,,
CASE-00EFF24D,FVG,,
CASE-00EFF24D,ORDER_BLOCK,,
CASE-00EFF24D,PREMIUM_DISCOUNT,,
CASE-00EFF24D,MODEL_EVALUATION,,
CASE-03EE3306,MARKET_STRUCTURE,,
CASE-03EE3306,LIQUIDITY,,
CASE-03EE3306,DISPLACEMENT,,
CASE-03EE3306,FVG,,
CASE-03EE3306,ORDER_BLOCK,,
CASE-03EE3306,PREMIUM_DISCOUNT,,
CASE-03EE3306,MODEL_EVALUATION,,
CASE-03C6F53C,MARKET_STRUCTURE,,
CASE-03C6F53C,LIQUIDITY,,
CASE-03C6F53C,DISPLACEMENT,,
CASE-03C6F53C,FVG,,
CASE-03C6F53C,ORDER_BLOCK,,
CASE-03C6F53C,PREMIUM_DISCOUNT,,
CASE-03C6F53C,MODEL_EVALUATION,,
CASE-02FD2070,MARKET_STRUCTURE,,
CASE-02FD2070,LIQUIDITY,,
CASE-02FD2070,DISPLACEMENT,,
CASE-02FD2070,FVG,,
CASE-02FD2070,ORDER_BLOCK,,
CASE-02FD2070,PREMIUM_DISCOUNT,,
CASE-02FD2070,MODEL_EVALUATION,,
CASE-05B8C384,MARKET_STRUCTURE,,
CASE-05B8C384,LIQUIDITY,,
CASE-05B8C384,DISPLACEMENT,,
CASE-05B8C384,FVG,,
CASE-05B8C384,ORDER_BLOCK,,
CASE-05B8C384,PREMIUM_DISCOUNT,,
CASE-05B8C384,MODEL_EVALUATION,,
CASE-018098A5,MARKET_STRUCTURE,,
CASE-018098A5,LIQUIDITY,,
CASE-018098A5,DISPLACEMENT,,
CASE-018098A5,FVG,,
CASE-018098A5,ORDER_BLOCK,,
CASE-018098A5,PREMIUM_DISCOUNT,,
CASE-018098A5,MODEL_EVALUATION,,
CASE-007B9EC9,MARKET_STRUCTURE,,
CASE-007B9EC9,LIQUIDITY,,
CASE-007B9EC9,DISPLACEMENT,,
CASE-007B9EC9,FVG,,
CASE-007B9EC9,ORDER_BLOCK,,
CASE-007B9EC9,PREMIUM_DISCOUNT,,
CASE-007B9EC9,MODEL_EVALUATION,,
CASE-0578C47C,MARKET_STRUCTURE,,
CASE-0578C47C,LIQUIDITY,,
CASE-0578C47C,DISPLACEMENT,,
CASE-0578C47C,FVG,,
CASE-0578C47C,ORDER_BLOCK,,
CASE-0578C47C,PREMIUM_DISCOUNT,,
CASE-0578C47C,MODEL_EVALUATION,,
CASE-05B4C1CD,MARKET_STRUCTURE,,
CASE-05B4C1CD,LIQUIDITY,,
CASE-05B4C1CD,DISPLACEMENT,,
CASE-05B4C1CD,FVG,,
CASE-05B4C1CD,ORDER_BLOCK,,
CASE-05B4C1CD,PREMIUM_DISCOUNT,,
CASE-05B4C1CD,MODEL_EVALUATION,,
CASE-018BE816,MARKET_STRUCTURE,,
CASE-018BE816,LIQUIDITY,,
CASE-018BE816,DISPLACEMENT,,
CASE-018BE816,FVG,,
CASE-018BE816,ORDER_BLOCK,,
CASE-018BE816,PREMIUM_DISCOUNT,,
CASE-018BE816,MODEL_EVALUATION,,
CASE-00318681,MARKET_STRUCTURE,,
CASE-00318681,LIQUIDITY,,
CASE-00318681,DISPLACEMENT,,
CASE-00318681,FVG,,
CASE-00318681,ORDER_BLOCK,,
CASE-00318681,PREMIUM_DISCOUNT,,
CASE-00318681,MODEL_EVALUATION,,
CASE-05F18FAB,MARKET_STRUCTURE,,
CASE-05F18FAB,LIQUIDITY,,
CASE-05F18FAB,DISPLACEMENT,,
CASE-05F18FAB,FVG,,
CASE-05F18FAB,ORDER_BLOCK,,
CASE-05F18FAB,PREMIUM_DISCOUNT,,
CASE-05F18FAB,MODEL_EVALUATION,,
CASE-00359383,MARKET_STRUCTURE,,
CASE-00359383,LIQUIDITY,,
CASE-00359383,DISPLACEMENT,,
CASE-00359383,FVG,,
CASE-00359383,ORDER_BLOCK,,
CASE-00359383,PREMIUM_DISCOUNT,,
CASE-00359383,MODEL_EVALUATION,,
CASE-01182E9C,MARKET_STRUCTURE,,
CASE-01182E9C,LIQUIDITY,,
CASE-01182E9C,DISPLACEMENT,,
CASE-01182E9C,FVG,,
CASE-01182E9C,ORDER_BLOCK,,
CASE-01182E9C,PREMIUM_DISCOUNT,,
CASE-01182E9C,MODEL_EVALUATION,,
CASE-04401EDE,MARKET_STRUCTURE,,
CASE-04401EDE,LIQUIDITY,,
CASE-04401EDE,DISPLACEMENT,,
CASE-04401EDE,FVG,,
CASE-04401EDE,ORDER_BLOCK,,
CASE-04401EDE,PREMIUM_DISCOUNT,,
CASE-04401EDE,MODEL_EVALUATION,,
CASE-039EA564,MARKET_STRUCTURE,,
CASE-039EA564,LIQUIDITY,,
CASE-039EA564,DISPLACEMENT,,
CASE-039EA564,FVG,,
CASE-039EA564,ORDER_BLOCK,,
CASE-039EA564,PREMIUM_DISCOUNT,,
CASE-039EA564,MODEL_EVALUATION,,
CASE-02CB19C9,MARKET_STRUCTURE,,
CASE-02CB19C9,LIQUIDITY,,
CASE-02CB19C9,DISPLACEMENT,,
CASE-02CB19C9,FVG,,
CASE-02CB19C9,ORDER_BLOCK,,
CASE-02CB19C9,PREMIUM_DISCOUNT,,
CASE-02CB19C9,MODEL_EVALUATION,,
CASE-00703083,MARKET_STRUCTURE,,
CASE-00703083,LIQUIDITY,,
CASE-00703083,DISPLACEMENT,,
CASE-00703083,FVG,,
CASE-00703083,ORDER_BLOCK,,
CASE-00703083,PREMIUM_DISCOUNT,,
CASE-00703083,MODEL_EVALUATION,,
CASE-0036D1F7,MARKET_STRUCTURE,,
CASE-0036D1F7,LIQUIDITY,,
CASE-0036D1F7,DISPLACEMENT,,
CASE-0036D1F7,FVG,,
CASE-0036D1F7,ORDER_BLOCK,,
CASE-0036D1F7,PREMIUM_DISCOUNT,,
CASE-0036D1F7,MODEL_EVALUATION,,
CASE-058F648A,MARKET_STRUCTURE,,
CASE-058F648A,LIQUIDITY,,
CASE-058F648A,DISPLACEMENT,,
CASE-058F648A,FVG,,
CASE-058F648A,ORDER_BLOCK,,
CASE-058F648A,PREMIUM_DISCOUNT,,
CASE-058F648A,MODEL_EVALUATION,,
CASE-04084EB5,MARKET_STRUCTURE,,
CASE-04084EB5,LIQUIDITY,,
CASE-04084EB5,DISPLACEMENT,,
CASE-04084EB5,FVG,,
CASE-04084EB5,ORDER_BLOCK,,
CASE-04084EB5,PREMIUM_DISCOUNT,,
CASE-04084EB5,MODEL_EVALUATION,,
CASE-049F1C3B,MARKET_STRUCTURE,,
CASE-049F1C3B,LIQUIDITY,,
CASE-049F1C3B,DISPLACEMENT,,
CASE-049F1C3B,FVG,,
CASE-049F1C3B,ORDER_BLOCK,,
CASE-049F1C3B,PREMIUM_DISCOUNT,,
CASE-049F1C3B,MODEL_EVALUATION,,
CASE-03D1DE63,MARKET_STRUCTURE,,
CASE-03D1DE63,LIQUIDITY,,
CASE-03D1DE63,DISPLACEMENT,,
CASE-03D1DE63,FVG,,
CASE-03D1DE63,ORDER_BLOCK,,
CASE-03D1DE63,PREMIUM_DISCOUNT,,
CASE-03D1DE63,MODEL_EVALUATION,,
CASE-0441E664,MARKET_STRUCTURE,,
CASE-0441E664,LIQUIDITY,,
CASE-0441E664,DISPLACEMENT,,
CASE-0441E664,FVG,,
CASE-0441E664,ORDER_BLOCK,,
CASE-0441E664,PREMIUM_DISCOUNT,,
CASE-0441E664,MODEL_EVALUATION,,
CASE-00CE551C,MARKET_STRUCTURE,,
CASE-00CE551C,LIQUIDITY,,
CASE-00CE551C,DISPLACEMENT,,
CASE-00CE551C,FVG,,
CASE-00CE551C,ORDER_BLOCK,,
CASE-00CE551C,PREMIUM_DISCOUNT,,
CASE-00CE551C,MODEL_EVALUATION,,
CASE-005F0430,MARKET_STRUCTURE,,
CASE-005F0430,LIQUIDITY,,
CASE-005F0430,DISPLACEMENT,,
CASE-005F0430,FVG,,
CASE-005F0430,ORDER_BLOCK,,
CASE-005F0430,PREMIUM_DISCOUNT,,
CASE-005F0430,MODEL_EVALUATION,,
CASE-02955DFB,MARKET_STRUCTURE,,
CASE-02955DFB,LIQUIDITY,,
CASE-02955DFB,DISPLACEMENT,,
CASE-02955DFB,FVG,,
CASE-02955DFB,ORDER_BLOCK,,
CASE-02955DFB,PREMIUM_DISCOUNT,,
CASE-02955DFB,MODEL_EVALUATION,,
CASE-001C657F,MARKET_STRUCTURE,,
CASE-001C657F,LIQUIDITY,,
CASE-001C657F,DISPLACEMENT,,
CASE-001C657F,FVG,,
CASE-001C657F,ORDER_BLOCK,,
CASE-001C657F,PREMIUM_DISCOUNT,,
CASE-001C657F,MODEL_EVALUATION,,
CASE-05292675,MARKET_STRUCTURE,,
CASE-05292675,LIQUIDITY,,
CASE-05292675,DISPLACEMENT,,
CASE-05292675,FVG,,
CASE-05292675,ORDER_BLOCK,,
CASE-05292675,PREMIUM_DISCOUNT,,
CASE-05292675,MODEL_EVALUATION,,
CASE-02BAEC4E,MARKET_STRUCTURE,,
CASE-02BAEC4E,LIQUIDITY,,
CASE-02BAEC4E,DISPLACEMENT,,
CASE-02BAEC4E,FVG,,
CASE-02BAEC4E,ORDER_BLOCK,,
CASE-02BAEC4E,PREMIUM_DISCOUNT,,
CASE-02BAEC4E,MODEL_EVALUATION,,
CASE-027BE009,MARKET_STRUCTURE,,
CASE-027BE009,LIQUIDITY,,
CASE-027BE009,DISPLACEMENT,,
CASE-027BE009,FVG,,
CASE-027BE009,ORDER_BLOCK,,
CASE-027BE009,PREMIUM_DISCOUNT,,
CASE-027BE009,MODEL_EVALUATION,,
CASE-01B224C3,MARKET_STRUCTURE,,
CASE-01B224C3,LIQUIDITY,,
CASE-01B224C3,DISPLACEMENT,,
CASE-01B224C3,FVG,,
CASE-01B224C3,ORDER_BLOCK,,
CASE-01B224C3,PREMIUM_DISCOUNT,,
CASE-01B224C3,MODEL_EVALUATION,,
CASE-031F951A,MARKET_STRUCTURE,,
CASE-031F951A,LIQUIDITY,,
CASE-031F951A,DISPLACEMENT,,
CASE-031F951A,FVG,,
CASE-031F951A,ORDER_BLOCK,,
CASE-031F951A,PREMIUM_DISCOUNT,,
CASE-031F951A,MODEL_EVALUATION,,
CASE-01193E8C,MARKET_STRUCTURE,,
CASE-01193E8C,LIQUIDITY,,
CASE-01193E8C,DISPLACEMENT,,
CASE-01193E8C,FVG,,
CASE-01193E8C,ORDER_BLOCK,,
CASE-01193E8C,PREMIUM_DISCOUNT,,
CASE-01193E8C,MODEL_EVALUATION,,
CASE-00EC4727,MARKET_STRUCTURE,,
CASE-00EC4727,LIQUIDITY,,
CASE-00EC4727,DISPLACEMENT,,
CASE-00EC4727,FVG,,
CASE-00EC4727,ORDER_BLOCK,,
CASE-00EC4727,PREMIUM_DISCOUNT,,
CASE-00EC4727,MODEL_EVALUATION,,
CASE-05251308,MARKET_STRUCTURE,,
CASE-05251308,LIQUIDITY,,
CASE-05251308,DISPLACEMENT,,
CASE-05251308,FVG,,
CASE-05251308,ORDER_BLOCK,,
CASE-05251308,PREMIUM_DISCOUNT,,
CASE-05251308,MODEL_EVALUATION,,
CASE-00F4E5A1,MARKET_STRUCTURE,,
CASE-00F4E5A1,LIQUIDITY,,
CASE-00F4E5A1,DISPLACEMENT,,
CASE-00F4E5A1,FVG,,
CASE-00F4E5A1,ORDER_BLOCK,,
CASE-00F4E5A1,PREMIUM_DISCOUNT,,
CASE-00F4E5A1,MODEL_EVALUATION,,
CASE-02B3FD7C,MARKET_STRUCTURE,,
CASE-02B3FD7C,LIQUIDITY,,
CASE-02B3FD7C,DISPLACEMENT,,
CASE-02B3FD7C,FVG,,
CASE-02B3FD7C,ORDER_BLOCK,,
CASE-02B3FD7C,PREMIUM_DISCOUNT,,
CASE-02B3FD7C,MODEL_EVALUATION,,
CASE-0267E4F9,MARKET_STRUCTURE,,
CASE-0267E4F9,LIQUIDITY,,
CASE-0267E4F9,DISPLACEMENT,,
CASE-0267E4F9,FVG,,
CASE-0267E4F9,ORDER_BLOCK,,
CASE-0267E4F9,PREMIUM_DISCOUNT,,
CASE-0267E4F9,MODEL_EVALUATION,,
CASE-043A7C09,MARKET_STRUCTURE,,
CASE-043A7C09,LIQUIDITY,,
CASE-043A7C09,DISPLACEMENT,,
CASE-043A7C09,FVG,,
CASE-043A7C09,ORDER_BLOCK,,
CASE-043A7C09,PREMIUM_DISCOUNT,,
CASE-043A7C09,MODEL_EVALUATION,,
CASE-011C1FAB,MARKET_STRUCTURE,,
CASE-011C1FAB,LIQUIDITY,,
CASE-011C1FAB,DISPLACEMENT,,
CASE-011C1FAB,FVG,,
CASE-011C1FAB,ORDER_BLOCK,,
CASE-011C1FAB,PREMIUM_DISCOUNT,,
CASE-011C1FAB,MODEL_EVALUATION,,
CASE-002265DF,MARKET_STRUCTURE,,
CASE-002265DF,LIQUIDITY,,
CASE-002265DF,DISPLACEMENT,,
CASE-002265DF,FVG,,
CASE-002265DF,ORDER_BLOCK,,
CASE-002265DF,PREMIUM_DISCOUNT,,
CASE-002265DF,MODEL_EVALUATION,,
CASE-059D0137,MARKET_STRUCTURE,,
CASE-059D0137,LIQUIDITY,,
CASE-059D0137,DISPLACEMENT,,
CASE-059D0137,FVG,,
CASE-059D0137,ORDER_BLOCK,,
CASE-059D0137,PREMIUM_DISCOUNT,,
CASE-059D0137,MODEL_EVALUATION,,
CASE-0128DFC0,MARKET_STRUCTURE,,
CASE-0128DFC0,LIQUIDITY,,
CASE-0128DFC0,DISPLACEMENT,,
CASE-0128DFC0,FVG,,
CASE-0128DFC0,ORDER_BLOCK,,
CASE-0128DFC0,PREMIUM_DISCOUNT,,
CASE-0128DFC0,MODEL_EVALUATION,,
CASE-03EF5EB9,MARKET_STRUCTURE,,
CASE-03EF5EB9,LIQUIDITY,,
CASE-03EF5EB9,DISPLACEMENT,,
CASE-03EF5EB9,FVG,,
CASE-03EF5EB9,ORDER_BLOCK,,
CASE-03EF5EB9,PREMIUM_DISCOUNT,,
CASE-03EF5EB9,MODEL_EVALUATION,,
CASE-03340BB7,MARKET_STRUCTURE,,
CASE-03340BB7,LIQUIDITY,,
CASE-03340BB7,DISPLACEMENT,,
CASE-03340BB7,FVG,,
CASE-03340BB7,ORDER_BLOCK,,
CASE-03340BB7,PREMIUM_DISCOUNT,,
CASE-03340BB7,MODEL_EVALUATION,,
CASE-031B032C,MARKET_STRUCTURE,,
CASE-031B032C,LIQUIDITY,,
CASE-031B032C,DISPLACEMENT,,
CASE-031B032C,FVG,,
CASE-031B032C,ORDER_BLOCK,,
CASE-031B032C,PREMIUM_DISCOUNT,,
CASE-031B032C,MODEL_EVALUATION,,
CASE-0232705B,MARKET_STRUCTURE,,
CASE-0232705B,LIQUIDITY,,
CASE-0232705B,DISPLACEMENT,,
CASE-0232705B,FVG,,
CASE-0232705B,ORDER_BLOCK,,
CASE-0232705B,PREMIUM_DISCOUNT,,
CASE-0232705B,MODEL_EVALUATION,,
CASE-04AD798D,MARKET_STRUCTURE,,
CASE-04AD798D,LIQUIDITY,,
CASE-04AD798D,DISPLACEMENT,,
CASE-04AD798D,FVG,,
CASE-04AD798D,ORDER_BLOCK,,
CASE-04AD798D,PREMIUM_DISCOUNT,,
CASE-04AD798D,MODEL_EVALUATION,,
CASE-043AA5F0,MARKET_STRUCTURE,,
CASE-043AA5F0,LIQUIDITY,,
CASE-043AA5F0,DISPLACEMENT,,
CASE-043AA5F0,FVG,,
CASE-043AA5F0,ORDER_BLOCK,,
CASE-043AA5F0,PREMIUM_DISCOUNT,,
CASE-043AA5F0,MODEL_EVALUATION,,
CASE-002D91FC,MARKET_STRUCTURE,,
CASE-002D91FC,LIQUIDITY,,
CASE-002D91FC,DISPLACEMENT,,
CASE-002D91FC,FVG,,
CASE-002D91FC,ORDER_BLOCK,,
CASE-002D91FC,PREMIUM_DISCOUNT,,
CASE-002D91FC,MODEL_EVALUATION,,
CASE-0347B403,MARKET_STRUCTURE,,
CASE-0347B403,LIQUIDITY,,
CASE-0347B403,DISPLACEMENT,,
CASE-0347B403,FVG,,
CASE-0347B403,ORDER_BLOCK,,
CASE-0347B403,PREMIUM_DISCOUNT,,
CASE-0347B403,MODEL_EVALUATION,,
CASE-050A9908,MARKET_STRUCTURE,,
CASE-050A9908,LIQUIDITY,,
CASE-050A9908,DISPLACEMENT,,
CASE-050A9908,FVG,,
CASE-050A9908,ORDER_BLOCK,,
CASE-050A9908,PREMIUM_DISCOUNT,,
CASE-050A9908,MODEL_EVALUATION,,
CASE-030D0C05,MARKET_STRUCTURE,,
CASE-030D0C05,LIQUIDITY,,
CASE-030D0C05,DISPLACEMENT,,
CASE-030D0C05,FVG,,
CASE-030D0C05,ORDER_BLOCK,,
CASE-030D0C05,PREMIUM_DISCOUNT,,
CASE-030D0C05,MODEL_EVALUATION,,
CASE-018AE70A,MARKET_STRUCTURE,,
CASE-018AE70A,LIQUIDITY,,
CASE-018AE70A,DISPLACEMENT,,
CASE-018AE70A,FVG,,
CASE-018AE70A,ORDER_BLOCK,,
CASE-018AE70A,PREMIUM_DISCOUNT,,
CASE-018AE70A,MODEL_EVALUATION,,
CASE-028E1A5A,MARKET_STRUCTURE,,
CASE-028E1A5A,LIQUIDITY,,
CASE-028E1A5A,DISPLACEMENT,,
CASE-028E1A5A,FVG,,
CASE-028E1A5A,ORDER_BLOCK,,
CASE-028E1A5A,PREMIUM_DISCOUNT,,
CASE-028E1A5A,MODEL_EVALUATION,,
CASE-00A4E153,MARKET_STRUCTURE,,
CASE-00A4E153,LIQUIDITY,,
CASE-00A4E153,DISPLACEMENT,,
CASE-00A4E153,FVG,,
CASE-00A4E153,ORDER_BLOCK,,
CASE-00A4E153,PREMIUM_DISCOUNT,,
CASE-00A4E153,MODEL_EVALUATION,,
CASE-032C226C,MARKET_STRUCTURE,,
CASE-032C226C,LIQUIDITY,,
CASE-032C226C,DISPLACEMENT,,
CASE-032C226C,FVG,,
CASE-032C226C,ORDER_BLOCK,,
CASE-032C226C,PREMIUM_DISCOUNT,,
CASE-032C226C,MODEL_EVALUATION,,
CASE-032664B6,MARKET_STRUCTURE,,
CASE-032664B6,LIQUIDITY,,
CASE-032664B6,DISPLACEMENT,,
CASE-032664B6,FVG,,
CASE-032664B6,ORDER_BLOCK,,
CASE-032664B6,PREMIUM_DISCOUNT,,
CASE-032664B6,MODEL_EVALUATION,,
CASE-04999503,MARKET_STRUCTURE,,
CASE-04999503,LIQUIDITY,,
CASE-04999503,DISPLACEMENT,,
CASE-04999503,FVG,,
CASE-04999503,ORDER_BLOCK,,
CASE-04999503,PREMIUM_DISCOUNT,,
CASE-04999503,MODEL_EVALUATION,,
CASE-0445A8E4,MARKET_STRUCTURE,,
CASE-0445A8E4,LIQUIDITY,,
CASE-0445A8E4,DISPLACEMENT,,
CASE-0445A8E4,FVG,,
CASE-0445A8E4,ORDER_BLOCK,,
CASE-0445A8E4,PREMIUM_DISCOUNT,,
CASE-0445A8E4,MODEL_EVALUATION,,
CASE-0011C6EC,MARKET_STRUCTURE,,
CASE-0011C6EC,LIQUIDITY,,
CASE-0011C6EC,DISPLACEMENT,,
CASE-0011C6EC,FVG,,
CASE-0011C6EC,ORDER_BLOCK,,
CASE-0011C6EC,PREMIUM_DISCOUNT,,
CASE-0011C6EC,MODEL_EVALUATION,,
CASE-04A45B2B,MARKET_STRUCTURE,,
CASE-04A45B2B,LIQUIDITY,,
CASE-04A45B2B,DISPLACEMENT,,
CASE-04A45B2B,FVG,,
CASE-04A45B2B,ORDER_BLOCK,,
CASE-04A45B2B,PREMIUM_DISCOUNT,,
CASE-04A45B2B,MODEL_EVALUATION,,
CASE-01E1C66A,MARKET_STRUCTURE,,
CASE-01E1C66A,LIQUIDITY,,
CASE-01E1C66A,DISPLACEMENT,,
CASE-01E1C66A,FVG,,
CASE-01E1C66A,ORDER_BLOCK,,
CASE-01E1C66A,PREMIUM_DISCOUNT,,
CASE-01E1C66A,MODEL_EVALUATION,,
CASE-029EA6F3,MARKET_STRUCTURE,,
CASE-029EA6F3,LIQUIDITY,,
CASE-029EA6F3,DISPLACEMENT,,
CASE-029EA6F3,FVG,,
CASE-029EA6F3,ORDER_BLOCK,,
CASE-029EA6F3,PREMIUM_DISCOUNT,,
CASE-029EA6F3,MODEL_EVALUATION,,
CASE-043FB073,MARKET_STRUCTURE,,
CASE-043FB073,LIQUIDITY,,
CASE-043FB073,DISPLACEMENT,,
CASE-043FB073,FVG,,
CASE-043FB073,ORDER_BLOCK,,
CASE-043FB073,PREMIUM_DISCOUNT,,
CASE-043FB073,MODEL_EVALUATION,,
CASE-044E432F,MARKET_STRUCTURE,,
CASE-044E432F,LIQUIDITY,,
CASE-044E432F,DISPLACEMENT,,
CASE-044E432F,FVG,,
CASE-044E432F,ORDER_BLOCK,,
CASE-044E432F,PREMIUM_DISCOUNT,,
CASE-044E432F,MODEL_EVALUATION,,
CASE-03A363AD,MARKET_STRUCTURE,,
CASE-03A363AD,LIQUIDITY,,
CASE-03A363AD,DISPLACEMENT,,
CASE-03A363AD,FVG,,
CASE-03A363AD,ORDER_BLOCK,,
CASE-03A363AD,PREMIUM_DISCOUNT,,
CASE-03A363AD,MODEL_EVALUATION,,
CASE-0188F21E,MARKET_STRUCTURE,,
CASE-0188F21E,LIQUIDITY,,
CASE-0188F21E,DISPLACEMENT,,
CASE-0188F21E,FVG,,
CASE-0188F21E,ORDER_BLOCK,,
CASE-0188F21E,PREMIUM_DISCOUNT,,
CASE-0188F21E,MODEL_EVALUATION,,
CASE-03DC779E,MARKET_STRUCTURE,,
CASE-03DC779E,LIQUIDITY,,
CASE-03DC779E,DISPLACEMENT,,
CASE-03DC779E,FVG,,
CASE-03DC779E,ORDER_BLOCK,,
CASE-03DC779E,PREMIUM_DISCOUNT,,
CASE-03DC779E,MODEL_EVALUATION,,
CASE-013D01A0,MARKET_STRUCTURE,,
CASE-013D01A0,LIQUIDITY,,
CASE-013D01A0,DISPLACEMENT,,
CASE-013D01A0,FVG,,
CASE-013D01A0,ORDER_BLOCK,,
CASE-013D01A0,PREMIUM_DISCOUNT,,
CASE-013D01A0,MODEL_EVALUATION,,
CASE-055FF8FA,MARKET_STRUCTURE,,
CASE-055FF8FA,LIQUIDITY,,
CASE-055FF8FA,DISPLACEMENT,,
CASE-055FF8FA,FVG,,
CASE-055FF8FA,ORDER_BLOCK,,
CASE-055FF8FA,PREMIUM_DISCOUNT,,
CASE-055FF8FA,MODEL_EVALUATION,,
CASE-01CB55AF,MARKET_STRUCTURE,,
CASE-01CB55AF,LIQUIDITY,,
CASE-01CB55AF,DISPLACEMENT,,
CASE-01CB55AF,FVG,,
CASE-01CB55AF,ORDER_BLOCK,,
CASE-01CB55AF,PREMIUM_DISCOUNT,,
CASE-01CB55AF,MODEL_EVALUATION,,
CASE-039522E9,MARKET_STRUCTURE,,
CASE-039522E9,LIQUIDITY,,
CASE-039522E9,DISPLACEMENT,,
CASE-039522E9,FVG,,
CASE-039522E9,ORDER_BLOCK,,
CASE-039522E9,PREMIUM_DISCOUNT,,
CASE-039522E9,MODEL_EVALUATION,,
CASE-03ABC14B,MARKET_STRUCTURE,,
CASE-03ABC14B,LIQUIDITY,,
CASE-03ABC14B,DISPLACEMENT,,
CASE-03ABC14B,FVG,,
CASE-03ABC14B,ORDER_BLOCK,,
CASE-03ABC14B,PREMIUM_DISCOUNT,,
CASE-03ABC14B,MODEL_EVALUATION,,
CASE-04675553,MARKET_STRUCTURE,,
CASE-04675553,LIQUIDITY,,
CASE-04675553,DISPLACEMENT,,
CASE-04675553,FVG,,
CASE-04675553,ORDER_BLOCK,,
CASE-04675553,PREMIUM_DISCOUNT,,
CASE-04675553,MODEL_EVALUATION,,
CASE-025A926A,MARKET_STRUCTURE,,
CASE-025A926A,LIQUIDITY,,
CASE-025A926A,DISPLACEMENT,,
CASE-025A926A,FVG,,
CASE-025A926A,ORDER_BLOCK,,
CASE-025A926A,PREMIUM_DISCOUNT,,
CASE-025A926A,MODEL_EVALUATION,,
CASE-0075E018,MARKET_STRUCTURE,,
CASE-0075E018,LIQUIDITY,,
CASE-0075E018,DISPLACEMENT,,
CASE-0075E018,FVG,,
CASE-0075E018,ORDER_BLOCK,,
CASE-0075E018,PREMIUM_DISCOUNT,,
CASE-0075E018,MODEL_EVALUATION,,
CASE-05AE04CD,MARKET_STRUCTURE,,
CASE-05AE04CD,LIQUIDITY,,
CASE-05AE04CD,DISPLACEMENT,,
CASE-05AE04CD,FVG,,
CASE-05AE04CD,ORDER_BLOCK,,
CASE-05AE04CD,PREMIUM_DISCOUNT,,
CASE-05AE04CD,MODEL_EVALUATION,,
CASE-0298CA59,MARKET_STRUCTURE,,
CASE-0298CA59,LIQUIDITY,,
CASE-0298CA59,DISPLACEMENT,,
CASE-0298CA59,FVG,,
CASE-0298CA59,ORDER_BLOCK,,
CASE-0298CA59,PREMIUM_DISCOUNT,,
CASE-0298CA59,MODEL_EVALUATION,,
CASE-0293090E,MARKET_STRUCTURE,,
CASE-0293090E,LIQUIDITY,,
CASE-0293090E,DISPLACEMENT,,
CASE-0293090E,FVG,,
CASE-0293090E,ORDER_BLOCK,,
CASE-0293090E,PREMIUM_DISCOUNT,,
CASE-0293090E,MODEL_EVALUATION,,
CASE-036CA831,MARKET_STRUCTURE,,
CASE-036CA831,LIQUIDITY,,
CASE-036CA831,DISPLACEMENT,,
CASE-036CA831,FVG,,
CASE-036CA831,ORDER_BLOCK,,
CASE-036CA831,PREMIUM_DISCOUNT,,
CASE-036CA831,MODEL_EVALUATION,,
CASE-02B98041,MARKET_STRUCTURE,,
CASE-02B98041,LIQUIDITY,,
CASE-02B98041,DISPLACEMENT,,
CASE-02B98041,FVG,,
CASE-02B98041,ORDER_BLOCK,,
CASE-02B98041,PREMIUM_DISCOUNT,,
CASE-02B98041,MODEL_EVALUATION,,
CASE-01EA0578,MARKET_STRUCTURE,,
CASE-01EA0578,LIQUIDITY,,
CASE-01EA0578,DISPLACEMENT,,
CASE-01EA0578,FVG,,
CASE-01EA0578,ORDER_BLOCK,,
CASE-01EA0578,PREMIUM_DISCOUNT,,
CASE-01EA0578,MODEL_EVALUATION,,
CASE-03B71DB2,MARKET_STRUCTURE,,
CASE-03B71DB2,LIQUIDITY,,
CASE-03B71DB2,DISPLACEMENT,,
CASE-03B71DB2,FVG,,
CASE-03B71DB2,ORDER_BLOCK,,
CASE-03B71DB2,PREMIUM_DISCOUNT,,
CASE-03B71DB2,MODEL_EVALUATION,,
CASE-003DC979,MARKET_STRUCTURE,,
CASE-003DC979,LIQUIDITY,,
CASE-003DC979,DISPLACEMENT,,
CASE-003DC979,FVG,,
CASE-003DC979,ORDER_BLOCK,,
CASE-003DC979,PREMIUM_DISCOUNT,,
CASE-003DC979,MODEL_EVALUATION,,
CASE-04885720,MARKET_STRUCTURE,,
CASE-04885720,LIQUIDITY,,
CASE-04885720,DISPLACEMENT,,
CASE-04885720,FVG,,
CASE-04885720,ORDER_BLOCK,,
CASE-04885720,PREMIUM_DISCOUNT,,
CASE-04885720,MODEL_EVALUATION,,
CASE-0419A646,MARKET_STRUCTURE,,
CASE-0419A646,LIQUIDITY,,
CASE-0419A646,DISPLACEMENT,,
CASE-0419A646,FVG,,
CASE-0419A646,ORDER_BLOCK,,
CASE-0419A646,PREMIUM_DISCOUNT,,
CASE-0419A646,MODEL_EVALUATION,,
CASE-056502A9,MARKET_STRUCTURE,,
CASE-056502A9,LIQUIDITY,,
CASE-056502A9,DISPLACEMENT,,
CASE-056502A9,FVG,,
CASE-056502A9,ORDER_BLOCK,,
CASE-056502A9,PREMIUM_DISCOUNT,,
CASE-056502A9,MODEL_EVALUATION,,
CASE-04C075A5,MARKET_STRUCTURE,,
CASE-04C075A5,LIQUIDITY,,
CASE-04C075A5,DISPLACEMENT,,
CASE-04C075A5,FVG,,
CASE-04C075A5,ORDER_BLOCK,,
CASE-04C075A5,PREMIUM_DISCOUNT,,
CASE-04C075A5,MODEL_EVALUATION,,
CASE-01F7CDB5,MARKET_STRUCTURE,,
CASE-01F7CDB5,LIQUIDITY,,
CASE-01F7CDB5,DISPLACEMENT,,
CASE-01F7CDB5,FVG,,
CASE-01F7CDB5,ORDER_BLOCK,,
CASE-01F7CDB5,PREMIUM_DISCOUNT,,
CASE-01F7CDB5,MODEL_EVALUATION,,
CASE-05AED558,MARKET_STRUCTURE,,
CASE-05AED558,LIQUIDITY,,
CASE-05AED558,DISPLACEMENT,,
CASE-05AED558,FVG,,
CASE-05AED558,ORDER_BLOCK,,
CASE-05AED558,PREMIUM_DISCOUNT,,
CASE-05AED558,MODEL_EVALUATION,,
CASE-04AC23D9,MARKET_STRUCTURE,,
CASE-04AC23D9,LIQUIDITY,,
CASE-04AC23D9,DISPLACEMENT,,
CASE-04AC23D9,FVG,,
CASE-04AC23D9,ORDER_BLOCK,,
CASE-04AC23D9,PREMIUM_DISCOUNT,,
CASE-04AC23D9,MODEL_EVALUATION,,
CASE-01D965D4,MARKET_STRUCTURE,,
CASE-01D965D4,LIQUIDITY,,
CASE-01D965D4,DISPLACEMENT,,
CASE-01D965D4,FVG,,
CASE-01D965D4,ORDER_BLOCK,,
CASE-01D965D4,PREMIUM_DISCOUNT,,
CASE-01D965D4,MODEL_EVALUATION,,
CASE-049C0AC6,MARKET_STRUCTURE,,
CASE-049C0AC6,LIQUIDITY,,
CASE-049C0AC6,DISPLACEMENT,,
CASE-049C0AC6,FVG,,
CASE-049C0AC6,ORDER_BLOCK,,
CASE-049C0AC6,PREMIUM_DISCOUNT,,
CASE-049C0AC6,MODEL_EVALUATION,,
CASE-051DDDC4,MARKET_STRUCTURE,,
CASE-051DDDC4,LIQUIDITY,,
CASE-051DDDC4,DISPLACEMENT,,
CASE-051DDDC4,FVG,,
CASE-051DDDC4,ORDER_BLOCK,,
CASE-051DDDC4,PREMIUM_DISCOUNT,,
CASE-051DDDC4,MODEL_EVALUATION,,
CASE-02E5CFAF,MARKET_STRUCTURE,,
CASE-02E5CFAF,LIQUIDITY,,
CASE-02E5CFAF,DISPLACEMENT,,
CASE-02E5CFAF,FVG,,
CASE-02E5CFAF,ORDER_BLOCK,,
CASE-02E5CFAF,PREMIUM_DISCOUNT,,
CASE-02E5CFAF,MODEL_EVALUATION,,
CASE-01955564,MARKET_STRUCTURE,,
CASE-01955564,LIQUIDITY,,
CASE-01955564,DISPLACEMENT,,
CASE-01955564,FVG,,
CASE-01955564,ORDER_BLOCK,,
CASE-01955564,PREMIUM_DISCOUNT,,
CASE-01955564,MODEL_EVALUATION,,
CASE-0381ABCC,MARKET_STRUCTURE,,
CASE-0381ABCC,LIQUIDITY,,
CASE-0381ABCC,DISPLACEMENT,,
CASE-0381ABCC,FVG,,
CASE-0381ABCC,ORDER_BLOCK,,
CASE-0381ABCC,PREMIUM_DISCOUNT,,
CASE-0381ABCC,MODEL_EVALUATION,,
CASE-0567FFD6,MARKET_STRUCTURE,,
CASE-0567FFD6,LIQUIDITY,,
CASE-0567FFD6,DISPLACEMENT,,
CASE-0567FFD6,FVG,,
CASE-0567FFD6,ORDER_BLOCK,,
CASE-0567FFD6,PREMIUM_DISCOUNT,,
CASE-0567FFD6,MODEL_EVALUATION,,
CASE-039DCF4A,MARKET_STRUCTURE,,
CASE-039DCF4A,LIQUIDITY,,
CASE-039DCF4A,DISPLACEMENT,,
CASE-039DCF4A,FVG,,
CASE-039DCF4A,ORDER_BLOCK,,
CASE-039DCF4A,PREMIUM_DISCOUNT,,
CASE-039DCF4A,MODEL_EVALUATION,,
CASE-02AA3F20,MARKET_STRUCTURE,,
CASE-02AA3F20,LIQUIDITY,,
CASE-02AA3F20,DISPLACEMENT,,
CASE-02AA3F20,FVG,,
CASE-02AA3F20,ORDER_BLOCK,,
CASE-02AA3F20,PREMIUM_DISCOUNT,,
CASE-02AA3F20,MODEL_EVALUATION,,
CASE-035C6213,MARKET_STRUCTURE,,
CASE-035C6213,LIQUIDITY,,
CASE-035C6213,DISPLACEMENT,,
CASE-035C6213,FVG,,
CASE-035C6213,ORDER_BLOCK,,
CASE-035C6213,PREMIUM_DISCOUNT,,
CASE-035C6213,MODEL_EVALUATION,,
CASE-02167099,MARKET_STRUCTURE,,
CASE-02167099,LIQUIDITY,,
CASE-02167099,DISPLACEMENT,,
CASE-02167099,FVG,,
CASE-02167099,ORDER_BLOCK,,
CASE-02167099,PREMIUM_DISCOUNT,,
CASE-02167099,MODEL_EVALUATION,,
CASE-027005A9,MARKET_STRUCTURE,,
CASE-027005A9,LIQUIDITY,,
CASE-027005A9,DISPLACEMENT,,
CASE-027005A9,FVG,,
CASE-027005A9,ORDER_BLOCK,,
CASE-027005A9,PREMIUM_DISCOUNT,,
CASE-027005A9,MODEL_EVALUATION,,
CASE-035065FF,MARKET_STRUCTURE,,
CASE-035065FF,LIQUIDITY,,
CASE-035065FF,DISPLACEMENT,,
CASE-035065FF,FVG,,
CASE-035065FF,ORDER_BLOCK,,
CASE-035065FF,PREMIUM_DISCOUNT,,
CASE-035065FF,MODEL_EVALUATION,,
CASE-0183B1A3,MARKET_STRUCTURE,,
CASE-0183B1A3,LIQUIDITY,,
CASE-0183B1A3,DISPLACEMENT,,
CASE-0183B1A3,FVG,,
CASE-0183B1A3,ORDER_BLOCK,,
CASE-0183B1A3,PREMIUM_DISCOUNT,,
CASE-0183B1A3,MODEL_EVALUATION,,
CASE-03DA3F2F,MARKET_STRUCTURE,,
CASE-03DA3F2F,LIQUIDITY,,
CASE-03DA3F2F,DISPLACEMENT,,
CASE-03DA3F2F,FVG,,
CASE-03DA3F2F,ORDER_BLOCK,,
CASE-03DA3F2F,PREMIUM_DISCOUNT,,
CASE-03DA3F2F,MODEL_EVALUATION,,
CASE-04D5A8CA,MARKET_STRUCTURE,,
CASE-04D5A8CA,LIQUIDITY,,
CASE-04D5A8CA,DISPLACEMENT,,
CASE-04D5A8CA,FVG,,
CASE-04D5A8CA,ORDER_BLOCK,,
CASE-04D5A8CA,PREMIUM_DISCOUNT,,
CASE-04D5A8CA,MODEL_EVALUATION,,
CASE-00465AB8,MARKET_STRUCTURE,,
CASE-00465AB8,LIQUIDITY,,
CASE-00465AB8,DISPLACEMENT,,
CASE-00465AB8,FVG,,
CASE-00465AB8,ORDER_BLOCK,,
CASE-00465AB8,PREMIUM_DISCOUNT,,
CASE-00465AB8,MODEL_EVALUATION,,
CASE-0313A4E6,MARKET_STRUCTURE,,
CASE-0313A4E6,LIQUIDITY,,
CASE-0313A4E6,DISPLACEMENT,,
CASE-0313A4E6,FVG,,
CASE-0313A4E6,ORDER_BLOCK,,
CASE-0313A4E6,PREMIUM_DISCOUNT,,
CASE-0313A4E6,MODEL_EVALUATION,,
CASE-01339645,MARKET_STRUCTURE,,
CASE-01339645,LIQUIDITY,,
CASE-01339645,DISPLACEMENT,,
CASE-01339645,FVG,,
CASE-01339645,ORDER_BLOCK,,
CASE-01339645,PREMIUM_DISCOUNT,,
CASE-01339645,MODEL_EVALUATION,,
CASE-02C9E371,MARKET_STRUCTURE,,
CASE-02C9E371,LIQUIDITY,,
CASE-02C9E371,DISPLACEMENT,,
CASE-02C9E371,FVG,,
CASE-02C9E371,ORDER_BLOCK,,
CASE-02C9E371,PREMIUM_DISCOUNT,,
CASE-02C9E371,MODEL_EVALUATION,,
CASE-0167EED9,MARKET_STRUCTURE,,
CASE-0167EED9,LIQUIDITY,,
CASE-0167EED9,DISPLACEMENT,,
CASE-0167EED9,FVG,,
CASE-0167EED9,ORDER_BLOCK,,
CASE-0167EED9,PREMIUM_DISCOUNT,,
CASE-0167EED9,MODEL_EVALUATION,,
CASE-002D0007,MARKET_STRUCTURE,,
CASE-002D0007,LIQUIDITY,,
CASE-002D0007,DISPLACEMENT,,
CASE-002D0007,FVG,,
CASE-002D0007,ORDER_BLOCK,,
CASE-002D0007,PREMIUM_DISCOUNT,,
CASE-002D0007,MODEL_EVALUATION,,
CASE-0593D090,MARKET_STRUCTURE,,
CASE-0593D090,LIQUIDITY,,
CASE-0593D090,DISPLACEMENT,,
CASE-0593D090,FVG,,
CASE-0593D090,ORDER_BLOCK,,
CASE-0593D090,PREMIUM_DISCOUNT,,
CASE-0593D090,MODEL_EVALUATION,,
CASE-0007B1A0,MARKET_STRUCTURE,,
CASE-0007B1A0,LIQUIDITY,,
CASE-0007B1A0,DISPLACEMENT,,
CASE-0007B1A0,FVG,,
CASE-0007B1A0,ORDER_BLOCK,,
CASE-0007B1A0,PREMIUM_DISCOUNT,,
CASE-0007B1A0,MODEL_EVALUATION,,
CASE-019C9343,MARKET_STRUCTURE,,
CASE-019C9343,LIQUIDITY,,
CASE-019C9343,DISPLACEMENT,,
CASE-019C9343,FVG,,
CASE-019C9343,ORDER_BLOCK,,
CASE-019C9343,PREMIUM_DISCOUNT,,
CASE-019C9343,MODEL_EVALUATION,,
CASE-01E07204,MARKET_STRUCTURE,,
CASE-01E07204,LIQUIDITY,,
CASE-01E07204,DISPLACEMENT,,
CASE-01E07204,FVG,,
CASE-01E07204,ORDER_BLOCK,,
CASE-01E07204,PREMIUM_DISCOUNT,,
CASE-01E07204,MODEL_EVALUATION,,
CASE-0010974E,MARKET_STRUCTURE,,
CASE-0010974E,LIQUIDITY,,
CASE-0010974E,DISPLACEMENT,,
CASE-0010974E,FVG,,
CASE-0010974E,ORDER_BLOCK,,
CASE-0010974E,PREMIUM_DISCOUNT,,
CASE-0010974E,MODEL_EVALUATION,,
CASE-05D7ECEE,MARKET_STRUCTURE,,
CASE-05D7ECEE,LIQUIDITY,,
CASE-05D7ECEE,DISPLACEMENT,,
CASE-05D7ECEE,FVG,,
CASE-05D7ECEE,ORDER_BLOCK,,
CASE-05D7ECEE,PREMIUM_DISCOUNT,,
CASE-05D7ECEE,MODEL_EVALUATION,,
CASE-00CBEE53,MARKET_STRUCTURE,,
CASE-00CBEE53,LIQUIDITY,,
CASE-00CBEE53,DISPLACEMENT,,
CASE-00CBEE53,FVG,,
CASE-00CBEE53,ORDER_BLOCK,,
CASE-00CBEE53,PREMIUM_DISCOUNT,,
CASE-00CBEE53,MODEL_EVALUATION,,
CASE-002738AA,MARKET_STRUCTURE,,
CASE-002738AA,LIQUIDITY,,
CASE-002738AA,DISPLACEMENT,,
CASE-002738AA,FVG,,
CASE-002738AA,ORDER_BLOCK,,
CASE-002738AA,PREMIUM_DISCOUNT,,
CASE-002738AA,MODEL_EVALUATION,,
CASE-03E473F5,MARKET_STRUCTURE,,
CASE-03E473F5,LIQUIDITY,,
CASE-03E473F5,DISPLACEMENT,,
CASE-03E473F5,FVG,,
CASE-03E473F5,ORDER_BLOCK,,
CASE-03E473F5,PREMIUM_DISCOUNT,,
CASE-03E473F5,MODEL_EVALUATION,,
CASE-0053043A,MARKET_STRUCTURE,,
CASE-0053043A,LIQUIDITY,,
CASE-0053043A,DISPLACEMENT,,
CASE-0053043A,FVG,,
CASE-0053043A,ORDER_BLOCK,,
CASE-0053043A,PREMIUM_DISCOUNT,,
CASE-0053043A,MODEL_EVALUATION,,
CASE-0033E9E3,MARKET_STRUCTURE,,
CASE-0033E9E3,LIQUIDITY,,
CASE-0033E9E3,DISPLACEMENT,,
CASE-0033E9E3,FVG,,
CASE-0033E9E3,ORDER_BLOCK,,
CASE-0033E9E3,PREMIUM_DISCOUNT,,
CASE-0033E9E3,MODEL_EVALUATION,,
CASE-052B6622,MARKET_STRUCTURE,,
CASE-052B6622,LIQUIDITY,,
CASE-052B6622,DISPLACEMENT,,
CASE-052B6622,FVG,,
CASE-052B6622,ORDER_BLOCK,,
CASE-052B6622,PREMIUM_DISCOUNT,,
CASE-052B6622,MODEL_EVALUATION,,
CASE-00044C29,MARKET_STRUCTURE,,
CASE-00044C29,LIQUIDITY,,
CASE-00044C29,DISPLACEMENT,,
CASE-00044C29,FVG,,
CASE-00044C29,ORDER_BLOCK,,
CASE-00044C29,PREMIUM_DISCOUNT,,
CASE-00044C29,MODEL_EVALUATION,,
CASE-04F0B89D,MARKET_STRUCTURE,,
CASE-04F0B89D,LIQUIDITY,,
CASE-04F0B89D,DISPLACEMENT,,
CASE-04F0B89D,FVG,,
CASE-04F0B89D,ORDER_BLOCK,,
CASE-04F0B89D,PREMIUM_DISCOUNT,,
CASE-04F0B89D,MODEL_EVALUATION,,
CASE-057577A1,MARKET_STRUCTURE,,
CASE-057577A1,LIQUIDITY,,
CASE-057577A1,DISPLACEMENT,,
CASE-057577A1,FVG,,
CASE-057577A1,ORDER_BLOCK,,
CASE-057577A1,PREMIUM_DISCOUNT,,
CASE-057577A1,MODEL_EVALUATION,,
CASE-052E5DF0,MARKET_STRUCTURE,,
CASE-052E5DF0,LIQUIDITY,,
CASE-052E5DF0,DISPLACEMENT,,
CASE-052E5DF0,FVG,,
CASE-052E5DF0,ORDER_BLOCK,,
CASE-052E5DF0,PREMIUM_DISCOUNT,,
CASE-052E5DF0,MODEL_EVALUATION,,
CASE-019A4905,MARKET_STRUCTURE,,
CASE-019A4905,LIQUIDITY,,
CASE-019A4905,DISPLACEMENT,,
CASE-019A4905,FVG,,
CASE-019A4905,ORDER_BLOCK,,
CASE-019A4905,PREMIUM_DISCOUNT,,
CASE-019A4905,MODEL_EVALUATION,,
CASE-005155DC,MARKET_STRUCTURE,,
CASE-005155DC,LIQUIDITY,,
CASE-005155DC,DISPLACEMENT,,
CASE-005155DC,FVG,,
CASE-005155DC,ORDER_BLOCK,,
CASE-005155DC,PREMIUM_DISCOUNT,,
CASE-005155DC,MODEL_EVALUATION,,
CASE-03EBBC86,MARKET_STRUCTURE,,
CASE-03EBBC86,LIQUIDITY,,
CASE-03EBBC86,DISPLACEMENT,,
CASE-03EBBC86,FVG,,
CASE-03EBBC86,ORDER_BLOCK,,
CASE-03EBBC86,PREMIUM_DISCOUNT,,
CASE-03EBBC86,MODEL_EVALUATION,,
CASE-0013D94A,MARKET_STRUCTURE,,
CASE-0013D94A,LIQUIDITY,,
CASE-0013D94A,DISPLACEMENT,,
CASE-0013D94A,FVG,,
CASE-0013D94A,ORDER_BLOCK,,
CASE-0013D94A,PREMIUM_DISCOUNT,,
CASE-0013D94A,MODEL_EVALUATION,,
CASE-05ED5DD4,MARKET_STRUCTURE,,
CASE-05ED5DD4,LIQUIDITY,,
CASE-05ED5DD4,DISPLACEMENT,,
CASE-05ED5DD4,FVG,,
CASE-05ED5DD4,ORDER_BLOCK,,
CASE-05ED5DD4,PREMIUM_DISCOUNT,,
CASE-05ED5DD4,MODEL_EVALUATION,,
CASE-001CC82F,MARKET_STRUCTURE,,
CASE-001CC82F,LIQUIDITY,,
CASE-001CC82F,DISPLACEMENT,,
CASE-001CC82F,FVG,,
CASE-001CC82F,ORDER_BLOCK,,
CASE-001CC82F,PREMIUM_DISCOUNT,,
CASE-001CC82F,MODEL_EVALUATION,,
CASE-009F63C3,MARKET_STRUCTURE,,
CASE-009F63C3,LIQUIDITY,,
CASE-009F63C3,DISPLACEMENT,,
CASE-009F63C3,FVG,,
CASE-009F63C3,ORDER_BLOCK,,
CASE-009F63C3,PREMIUM_DISCOUNT,,
CASE-009F63C3,MODEL_EVALUATION,,
CASE-05AEB41E,MARKET_STRUCTURE,,
CASE-05AEB41E,LIQUIDITY,,
CASE-05AEB41E,DISPLACEMENT,,
CASE-05AEB41E,FVG,,
CASE-05AEB41E,ORDER_BLOCK,,
CASE-05AEB41E,PREMIUM_DISCOUNT,,
CASE-05AEB41E,MODEL_EVALUATION,,
CASE-052BBE9C,MARKET_STRUCTURE,,
CASE-052BBE9C,LIQUIDITY,,
CASE-052BBE9C,DISPLACEMENT,,
CASE-052BBE9C,FVG,,
CASE-052BBE9C,ORDER_BLOCK,,
CASE-052BBE9C,PREMIUM_DISCOUNT,,
CASE-052BBE9C,MODEL_EVALUATION,,
CASE-024379BC,MARKET_STRUCTURE,,
CASE-024379BC,LIQUIDITY,,
CASE-024379BC,DISPLACEMENT,,
CASE-024379BC,FVG,,
CASE-024379BC,ORDER_BLOCK,,
CASE-024379BC,PREMIUM_DISCOUNT,,
CASE-024379BC,MODEL_EVALUATION,,
CASE-021184B6,MARKET_STRUCTURE,,
CASE-021184B6,LIQUIDITY,,
CASE-021184B6,DISPLACEMENT,,
CASE-021184B6,FVG,,
CASE-021184B6,ORDER_BLOCK,,
CASE-021184B6,PREMIUM_DISCOUNT,,
CASE-021184B6,MODEL_EVALUATION,,
CASE-0495680C,MARKET_STRUCTURE,,
CASE-0495680C,LIQUIDITY,,
CASE-0495680C,DISPLACEMENT,,
CASE-0495680C,FVG,,
CASE-0495680C,ORDER_BLOCK,,
CASE-0495680C,PREMIUM_DISCOUNT,,
CASE-0495680C,MODEL_EVALUATION,,
CASE-05DB0B69,MARKET_STRUCTURE,,
CASE-05DB0B69,LIQUIDITY,,
CASE-05DB0B69,DISPLACEMENT,,
CASE-05DB0B69,FVG,,
CASE-05DB0B69,ORDER_BLOCK,,
CASE-05DB0B69,PREMIUM_DISCOUNT,,
CASE-05DB0B69,MODEL_EVALUATION,,
CASE-01087D42,MARKET_STRUCTURE,,
CASE-01087D42,LIQUIDITY,,
CASE-01087D42,DISPLACEMENT,,
CASE-01087D42,FVG,,
CASE-01087D42,ORDER_BLOCK,,
CASE-01087D42,PREMIUM_DISCOUNT,,
CASE-01087D42,MODEL_EVALUATION,,
CASE-02C012CD,MARKET_STRUCTURE,,
CASE-02C012CD,LIQUIDITY,,
CASE-02C012CD,DISPLACEMENT,,
CASE-02C012CD,FVG,,
CASE-02C012CD,ORDER_BLOCK,,
CASE-02C012CD,PREMIUM_DISCOUNT,,
CASE-02C012CD,MODEL_EVALUATION,,
CASE-04BC08EB,MARKET_STRUCTURE,,
CASE-04BC08EB,LIQUIDITY,,
CASE-04BC08EB,DISPLACEMENT,,
CASE-04BC08EB,FVG,,
CASE-04BC08EB,ORDER_BLOCK,,
CASE-04BC08EB,PREMIUM_DISCOUNT,,
CASE-04BC08EB,MODEL_EVALUATION,,
CASE-016EEA21,MARKET_STRUCTURE,,
CASE-016EEA21,LIQUIDITY,,
CASE-016EEA21,DISPLACEMENT,,
CASE-016EEA21,FVG,,
CASE-016EEA21,ORDER_BLOCK,,
CASE-016EEA21,PREMIUM_DISCOUNT,,
CASE-016EEA21,MODEL_EVALUATION,,
CASE-03AA6135,MARKET_STRUCTURE,,
CASE-03AA6135,LIQUIDITY,,
CASE-03AA6135,DISPLACEMENT,,
CASE-03AA6135,FVG,,
CASE-03AA6135,ORDER_BLOCK,,
CASE-03AA6135,PREMIUM_DISCOUNT,,
CASE-03AA6135,MODEL_EVALUATION,,
CASE-05BD41D3,MARKET_STRUCTURE,,
CASE-05BD41D3,LIQUIDITY,,
CASE-05BD41D3,DISPLACEMENT,,
CASE-05BD41D3,FVG,,
CASE-05BD41D3,ORDER_BLOCK,,
CASE-05BD41D3,PREMIUM_DISCOUNT,,
CASE-05BD41D3,MODEL_EVALUATION,,
CASE-05B41738,MARKET_STRUCTURE,,
CASE-05B41738,LIQUIDITY,,
CASE-05B41738,DISPLACEMENT,,
CASE-05B41738,FVG,,
CASE-05B41738,ORDER_BLOCK,,
CASE-05B41738,PREMIUM_DISCOUNT,,
CASE-05B41738,MODEL_EVALUATION,,
CASE-027FF29E,MARKET_STRUCTURE,,
CASE-027FF29E,LIQUIDITY,,
CASE-027FF29E,DISPLACEMENT,,
CASE-027FF29E,FVG,,
CASE-027FF29E,ORDER_BLOCK,,
CASE-027FF29E,PREMIUM_DISCOUNT,,
CASE-027FF29E,MODEL_EVALUATION,,
CASE-01D0122E,MARKET_STRUCTURE,,
CASE-01D0122E,LIQUIDITY,,
CASE-01D0122E,DISPLACEMENT,,
CASE-01D0122E,FVG,,
CASE-01D0122E,ORDER_BLOCK,,
CASE-01D0122E,PREMIUM_DISCOUNT,,
CASE-01D0122E,MODEL_EVALUATION,,
CASE-03172E5F,MARKET_STRUCTURE,,
CASE-03172E5F,LIQUIDITY,,
CASE-03172E5F,DISPLACEMENT,,
CASE-03172E5F,FVG,,
CASE-03172E5F,ORDER_BLOCK,,
CASE-03172E5F,PREMIUM_DISCOUNT,,
CASE-03172E5F,MODEL_EVALUATION,,
CASE-013495EC,MARKET_STRUCTURE,,
CASE-013495EC,LIQUIDITY,,
CASE-013495EC,DISPLACEMENT,,
CASE-013495EC,FVG,,
CASE-013495EC,ORDER_BLOCK,,
CASE-013495EC,PREMIUM_DISCOUNT,,
CASE-013495EC,MODEL_EVALUATION,,
CASE-00B9180E,MARKET_STRUCTURE,,
CASE-00B9180E,LIQUIDITY,,
CASE-00B9180E,DISPLACEMENT,,
CASE-00B9180E,FVG,,
CASE-00B9180E,ORDER_BLOCK,,
CASE-00B9180E,PREMIUM_DISCOUNT,,
CASE-00B9180E,MODEL_EVALUATION,,
CASE-052557AF,MARKET_STRUCTURE,,
CASE-052557AF,LIQUIDITY,,
CASE-052557AF,DISPLACEMENT,,
CASE-052557AF,FVG,,
CASE-052557AF,ORDER_BLOCK,,
CASE-052557AF,PREMIUM_DISCOUNT,,
CASE-052557AF,MODEL_EVALUATION,,
CASE-045C39FF,MARKET_STRUCTURE,,
CASE-045C39FF,LIQUIDITY,,
CASE-045C39FF,DISPLACEMENT,,
CASE-045C39FF,FVG,,
CASE-045C39FF,ORDER_BLOCK,,
CASE-045C39FF,PREMIUM_DISCOUNT,,
CASE-045C39FF,MODEL_EVALUATION,,
CASE-02BB8754,MARKET_STRUCTURE,,
CASE-02BB8754,LIQUIDITY,,
CASE-02BB8754,DISPLACEMENT,,
CASE-02BB8754,FVG,,
CASE-02BB8754,ORDER_BLOCK,,
CASE-02BB8754,PREMIUM_DISCOUNT,,
CASE-02BB8754,MODEL_EVALUATION,,
CASE-02E92585,MARKET_STRUCTURE,,
CASE-02E92585,LIQUIDITY,,
CASE-02E92585,DISPLACEMENT,,
CASE-02E92585,FVG,,
CASE-02E92585,ORDER_BLOCK,,
CASE-02E92585,PREMIUM_DISCOUNT,,
CASE-02E92585,MODEL_EVALUATION,,
CASE-036189D6,MARKET_STRUCTURE,,
CASE-036189D6,LIQUIDITY,,
CASE-036189D6,DISPLACEMENT,,
CASE-036189D6,FVG,,
CASE-036189D6,ORDER_BLOCK,,
CASE-036189D6,PREMIUM_DISCOUNT,,
CASE-036189D6,MODEL_EVALUATION,,
CASE-03C448CF,MARKET_STRUCTURE,,
CASE-03C448CF,LIQUIDITY,,
CASE-03C448CF,DISPLACEMENT,,
CASE-03C448CF,FVG,,
CASE-03C448CF,ORDER_BLOCK,,
CASE-03C448CF,PREMIUM_DISCOUNT,,
CASE-03C448CF,MODEL_EVALUATION,,
CASE-05DEC79C,MARKET_STRUCTURE,,
CASE-05DEC79C,LIQUIDITY,,
CASE-05DEC79C,DISPLACEMENT,,
CASE-05DEC79C,FVG,,
CASE-05DEC79C,ORDER_BLOCK,,
CASE-05DEC79C,PREMIUM_DISCOUNT,,
CASE-05DEC79C,MODEL_EVALUATION,,
CASE-034308DA,MARKET_STRUCTURE,,
CASE-034308DA,LIQUIDITY,,
CASE-034308DA,DISPLACEMENT,,
CASE-034308DA,FVG,,
CASE-034308DA,ORDER_BLOCK,,
CASE-034308DA,PREMIUM_DISCOUNT,,
CASE-034308DA,MODEL_EVALUATION,,
CASE-04CB0AFA,MARKET_STRUCTURE,,
CASE-04CB0AFA,LIQUIDITY,,
CASE-04CB0AFA,DISPLACEMENT,,
CASE-04CB0AFA,FVG,,
CASE-04CB0AFA,ORDER_BLOCK,,
CASE-04CB0AFA,PREMIUM_DISCOUNT,,
CASE-04CB0AFA,MODEL_EVALUATION,,
CASE-04C825BB,MARKET_STRUCTURE,,
CASE-04C825BB,LIQUIDITY,,
CASE-04C825BB,DISPLACEMENT,,
CASE-04C825BB,FVG,,
CASE-04C825BB,ORDER_BLOCK,,
CASE-04C825BB,PREMIUM_DISCOUNT,,
CASE-04C825BB,MODEL_EVALUATION,,
CASE-01A18472,MARKET_STRUCTURE,,
CASE-01A18472,LIQUIDITY,,
CASE-01A18472,DISPLACEMENT,,
CASE-01A18472,FVG,,
CASE-01A18472,ORDER_BLOCK,,
CASE-01A18472,PREMIUM_DISCOUNT,,
CASE-01A18472,MODEL_EVALUATION,,
CASE-00D18924,MARKET_STRUCTURE,,
CASE-00D18924,LIQUIDITY,,
CASE-00D18924,DISPLACEMENT,,
CASE-00D18924,FVG,,
CASE-00D18924,ORDER_BLOCK,,
CASE-00D18924,PREMIUM_DISCOUNT,,
CASE-00D18924,MODEL_EVALUATION,,
CASE-02A5D525,MARKET_STRUCTURE,,
CASE-02A5D525,LIQUIDITY,,
CASE-02A5D525,DISPLACEMENT,,
CASE-02A5D525,FVG,,
CASE-02A5D525,ORDER_BLOCK,,
CASE-02A5D525,PREMIUM_DISCOUNT,,
CASE-02A5D525,MODEL_EVALUATION,,
CASE-02EF68C7,MARKET_STRUCTURE,,
CASE-02EF68C7,LIQUIDITY,,
CASE-02EF68C7,DISPLACEMENT,,
CASE-02EF68C7,FVG,,
CASE-02EF68C7,ORDER_BLOCK,,
CASE-02EF68C7,PREMIUM_DISCOUNT,,
CASE-02EF68C7,MODEL_EVALUATION,,
CASE-036868CF,MARKET_STRUCTURE,,
CASE-036868CF,LIQUIDITY,,
CASE-036868CF,DISPLACEMENT,,
CASE-036868CF,FVG,,
CASE-036868CF,ORDER_BLOCK,,
CASE-036868CF,PREMIUM_DISCOUNT,,
CASE-036868CF,MODEL_EVALUATION,,
CASE-011BF55C,MARKET_STRUCTURE,,
CASE-011BF55C,LIQUIDITY,,
CASE-011BF55C,DISPLACEMENT,,
CASE-011BF55C,FVG,,
CASE-011BF55C,ORDER_BLOCK,,
CASE-011BF55C,PREMIUM_DISCOUNT,,
CASE-011BF55C,MODEL_EVALUATION,,
CASE-03A9A26C,MARKET_STRUCTURE,,
CASE-03A9A26C,LIQUIDITY,,
CASE-03A9A26C,DISPLACEMENT,,
CASE-03A9A26C,FVG,,
CASE-03A9A26C,ORDER_BLOCK,,
CASE-03A9A26C,PREMIUM_DISCOUNT,,
CASE-03A9A26C,MODEL_EVALUATION,,
CASE-00A584A9,MARKET_STRUCTURE,,
CASE-00A584A9,LIQUIDITY,,
CASE-00A584A9,DISPLACEMENT,,
CASE-00A584A9,FVG,,
CASE-00A584A9,ORDER_BLOCK,,
CASE-00A584A9,PREMIUM_DISCOUNT,,
CASE-00A584A9,MODEL_EVALUATION,,
CASE-027C729F,MARKET_STRUCTURE,,
CASE-027C729F,LIQUIDITY,,
CASE-027C729F,DISPLACEMENT,,
CASE-027C729F,FVG,,
CASE-027C729F,ORDER_BLOCK,,
CASE-027C729F,PREMIUM_DISCOUNT,,
CASE-027C729F,MODEL_EVALUATION,,
CASE-03F5152F,MARKET_STRUCTURE,,
CASE-03F5152F,LIQUIDITY,,
CASE-03F5152F,DISPLACEMENT,,
CASE-03F5152F,FVG,,
CASE-03F5152F,ORDER_BLOCK,,
CASE-03F5152F,PREMIUM_DISCOUNT,,
CASE-03F5152F,MODEL_EVALUATION,,
CASE-01BCB1EB,MARKET_STRUCTURE,,
CASE-01BCB1EB,LIQUIDITY,,
CASE-01BCB1EB,DISPLACEMENT,,
CASE-01BCB1EB,FVG,,
CASE-01BCB1EB,ORDER_BLOCK,,
CASE-01BCB1EB,PREMIUM_DISCOUNT,,
CASE-01BCB1EB,MODEL_EVALUATION,,
CASE-01CC472F,MARKET_STRUCTURE,,
CASE-01CC472F,LIQUIDITY,,
CASE-01CC472F,DISPLACEMENT,,
CASE-01CC472F,FVG,,
CASE-01CC472F,ORDER_BLOCK,,
CASE-01CC472F,PREMIUM_DISCOUNT,,
CASE-01CC472F,MODEL_EVALUATION,,
CASE-01351767,MARKET_STRUCTURE,,
CASE-01351767,LIQUIDITY,,
CASE-01351767,DISPLACEMENT,,
CASE-01351767,FVG,,
CASE-01351767,ORDER_BLOCK,,
CASE-01351767,PREMIUM_DISCOUNT,,
CASE-01351767,MODEL_EVALUATION,,
CASE-02439B10,MARKET_STRUCTURE,,
CASE-02439B10,LIQUIDITY,,
CASE-02439B10,DISPLACEMENT,,
CASE-02439B10,FVG,,
CASE-02439B10,ORDER_BLOCK,,
CASE-02439B10,PREMIUM_DISCOUNT,,
CASE-02439B10,MODEL_EVALUATION,,
CASE-02984340,MARKET_STRUCTURE,,
CASE-02984340,LIQUIDITY,,
CASE-02984340,DISPLACEMENT,,
CASE-02984340,FVG,,
CASE-02984340,ORDER_BLOCK,,
CASE-02984340,PREMIUM_DISCOUNT,,
CASE-02984340,MODEL_EVALUATION,,
CASE-022A70FB,MARKET_STRUCTURE,,
CASE-022A70FB,LIQUIDITY,,
CASE-022A70FB,DISPLACEMENT,,
CASE-022A70FB,FVG,,
CASE-022A70FB,ORDER_BLOCK,,
CASE-022A70FB,PREMIUM_DISCOUNT,,
CASE-022A70FB,MODEL_EVALUATION,,
CASE-02D0F6F8,MARKET_STRUCTURE,,
CASE-02D0F6F8,LIQUIDITY,,
CASE-02D0F6F8,DISPLACEMENT,,
CASE-02D0F6F8,FVG,,
CASE-02D0F6F8,ORDER_BLOCK,,
CASE-02D0F6F8,PREMIUM_DISCOUNT,,
CASE-02D0F6F8,MODEL_EVALUATION,,
CASE-0056EB3D,MARKET_STRUCTURE,,
CASE-0056EB3D,LIQUIDITY,,
CASE-0056EB3D,DISPLACEMENT,,
CASE-0056EB3D,FVG,,
CASE-0056EB3D,ORDER_BLOCK,,
CASE-0056EB3D,PREMIUM_DISCOUNT,,
CASE-0056EB3D,MODEL_EVALUATION,,
CASE-04F5B58A,MARKET_STRUCTURE,,
CASE-04F5B58A,LIQUIDITY,,
CASE-04F5B58A,DISPLACEMENT,,
CASE-04F5B58A,FVG,,
CASE-04F5B58A,ORDER_BLOCK,,
CASE-04F5B58A,PREMIUM_DISCOUNT,,
CASE-04F5B58A,MODEL_EVALUATION,,
CASE-02E39C00,MARKET_STRUCTURE,,
CASE-02E39C00,LIQUIDITY,,
CASE-02E39C00,DISPLACEMENT,,
CASE-02E39C00,FVG,,
CASE-02E39C00,ORDER_BLOCK,,
CASE-02E39C00,PREMIUM_DISCOUNT,,
CASE-02E39C00,MODEL_EVALUATION,,
CASE-031EB371,MARKET_STRUCTURE,,
CASE-031EB371,LIQUIDITY,,
CASE-031EB371,DISPLACEMENT,,
CASE-031EB371,FVG,,
CASE-031EB371,ORDER_BLOCK,,
CASE-031EB371,PREMIUM_DISCOUNT,,
CASE-031EB371,MODEL_EVALUATION,,
CASE-038AF979,MARKET_STRUCTURE,,
CASE-038AF979,LIQUIDITY,,
CASE-038AF979,DISPLACEMENT,,
CASE-038AF979,FVG,,
CASE-038AF979,ORDER_BLOCK,,
CASE-038AF979,PREMIUM_DISCOUNT,,
CASE-038AF979,MODEL_EVALUATION,,
CASE-008C408C,MARKET_STRUCTURE,,
CASE-008C408C,LIQUIDITY,,
CASE-008C408C,DISPLACEMENT,,
CASE-008C408C,FVG,,
CASE-008C408C,ORDER_BLOCK,,
CASE-008C408C,PREMIUM_DISCOUNT,,
CASE-008C408C,MODEL_EVALUATION,,
CASE-0252A612,MARKET_STRUCTURE,,
CASE-0252A612,LIQUIDITY,,
CASE-0252A612,DISPLACEMENT,,
CASE-0252A612,FVG,,
CASE-0252A612,ORDER_BLOCK,,
CASE-0252A612,PREMIUM_DISCOUNT,,
CASE-0252A612,MODEL_EVALUATION,,
CASE-053DDEDA,MARKET_STRUCTURE,,
CASE-053DDEDA,LIQUIDITY,,
CASE-053DDEDA,DISPLACEMENT,,
CASE-053DDEDA,FVG,,
CASE-053DDEDA,ORDER_BLOCK,,
CASE-053DDEDA,PREMIUM_DISCOUNT,,
CASE-053DDEDA,MODEL_EVALUATION,,
CASE-04C19989,MARKET_STRUCTURE,,
CASE-04C19989,LIQUIDITY,,
CASE-04C19989,DISPLACEMENT,,
CASE-04C19989,FVG,,
CASE-04C19989,ORDER_BLOCK,,
CASE-04C19989,PREMIUM_DISCOUNT,,
CASE-04C19989,MODEL_EVALUATION,,
CASE-05F34828,MARKET_STRUCTURE,,
CASE-05F34828,LIQUIDITY,,
CASE-05F34828,DISPLACEMENT,,
CASE-05F34828,FVG,,
CASE-05F34828,ORDER_BLOCK,,
CASE-05F34828,PREMIUM_DISCOUNT,,
CASE-05F34828,MODEL_EVALUATION,,
CASE-05BAE7EF,MARKET_STRUCTURE,,
CASE-05BAE7EF,LIQUIDITY,,
CASE-05BAE7EF,DISPLACEMENT,,
CASE-05BAE7EF,FVG,,
CASE-05BAE7EF,ORDER_BLOCK,,
CASE-05BAE7EF,PREMIUM_DISCOUNT,,
CASE-05BAE7EF,MODEL_EVALUATION,,
CASE-05209E28,MARKET_STRUCTURE,,
CASE-05209E28,LIQUIDITY,,
CASE-05209E28,DISPLACEMENT,,
CASE-05209E28,FVG,,
CASE-05209E28,ORDER_BLOCK,,
CASE-05209E28,PREMIUM_DISCOUNT,,
CASE-05209E28,MODEL_EVALUATION,,
CASE-0289B9AA,MARKET_STRUCTURE,,
CASE-0289B9AA,LIQUIDITY,,
CASE-0289B9AA,DISPLACEMENT,,
CASE-0289B9AA,FVG,,
CASE-0289B9AA,ORDER_BLOCK,,
CASE-0289B9AA,PREMIUM_DISCOUNT,,
CASE-0289B9AA,MODEL_EVALUATION,,
CASE-04E58484,MARKET_STRUCTURE,,
CASE-04E58484,LIQUIDITY,,
CASE-04E58484,DISPLACEMENT,,
CASE-04E58484,FVG,,
CASE-04E58484,ORDER_BLOCK,,
CASE-04E58484,PREMIUM_DISCOUNT,,
CASE-04E58484,MODEL_EVALUATION,,
CASE-04B71CF0,MARKET_STRUCTURE,,
CASE-04B71CF0,LIQUIDITY,,
CASE-04B71CF0,DISPLACEMENT,,
CASE-04B71CF0,FVG,,
CASE-04B71CF0,ORDER_BLOCK,,
CASE-04B71CF0,PREMIUM_DISCOUNT,,
CASE-04B71CF0,MODEL_EVALUATION,,
CASE-05B40F41,MARKET_STRUCTURE,,
CASE-05B40F41,LIQUIDITY,,
CASE-05B40F41,DISPLACEMENT,,
CASE-05B40F41,FVG,,
CASE-05B40F41,ORDER_BLOCK,,
CASE-05B40F41,PREMIUM_DISCOUNT,,
CASE-05B40F41,MODEL_EVALUATION,,
CASE-03DB1B79,MARKET_STRUCTURE,,
CASE-03DB1B79,LIQUIDITY,,
CASE-03DB1B79,DISPLACEMENT,,
CASE-03DB1B79,FVG,,
CASE-03DB1B79,ORDER_BLOCK,,
CASE-03DB1B79,PREMIUM_DISCOUNT,,
CASE-03DB1B79,MODEL_EVALUATION,,
CASE-030196FF,MARKET_STRUCTURE,,
CASE-030196FF,LIQUIDITY,,
CASE-030196FF,DISPLACEMENT,,
CASE-030196FF,FVG,,
CASE-030196FF,ORDER_BLOCK,,
CASE-030196FF,PREMIUM_DISCOUNT,,
CASE-030196FF,MODEL_EVALUATION,,
CASE-006E2AF0,MARKET_STRUCTURE,,
CASE-006E2AF0,LIQUIDITY,,
CASE-006E2AF0,DISPLACEMENT,,
CASE-006E2AF0,FVG,,
CASE-006E2AF0,ORDER_BLOCK,,
CASE-006E2AF0,PREMIUM_DISCOUNT,,
CASE-006E2AF0,MODEL_EVALUATION,,
CASE-049D80ED,MARKET_STRUCTURE,,
CASE-049D80ED,LIQUIDITY,,
CASE-049D80ED,DISPLACEMENT,,
CASE-049D80ED,FVG,,
CASE-049D80ED,ORDER_BLOCK,,
CASE-049D80ED,PREMIUM_DISCOUNT,,
CASE-049D80ED,MODEL_EVALUATION,,
CASE-0387F6EA,MARKET_STRUCTURE,,
CASE-0387F6EA,LIQUIDITY,,
CASE-0387F6EA,DISPLACEMENT,,
CASE-0387F6EA,FVG,,
CASE-0387F6EA,ORDER_BLOCK,,
CASE-0387F6EA,PREMIUM_DISCOUNT,,
CASE-0387F6EA,MODEL_EVALUATION,,
CASE-019B2F28,MARKET_STRUCTURE,,
CASE-019B2F28,LIQUIDITY,,
CASE-019B2F28,DISPLACEMENT,,
CASE-019B2F28,FVG,,
CASE-019B2F28,ORDER_BLOCK,,
CASE-019B2F28,PREMIUM_DISCOUNT,,
CASE-019B2F28,MODEL_EVALUATION,,
CASE-047BC377,MARKET_STRUCTURE,,
CASE-047BC377,LIQUIDITY,,
CASE-047BC377,DISPLACEMENT,,
CASE-047BC377,FVG,,
CASE-047BC377,ORDER_BLOCK,,
CASE-047BC377,PREMIUM_DISCOUNT,,
CASE-047BC377,MODEL_EVALUATION,,
CASE-02045400,MARKET_STRUCTURE,,
CASE-02045400,LIQUIDITY,,
CASE-02045400,DISPLACEMENT,,
CASE-02045400,FVG,,
CASE-02045400,ORDER_BLOCK,,
CASE-02045400,PREMIUM_DISCOUNT,,
CASE-02045400,MODEL_EVALUATION,,
CASE-02316643,MARKET_STRUCTURE,,
CASE-02316643,LIQUIDITY,,
CASE-02316643,DISPLACEMENT,,
CASE-02316643,FVG,,
CASE-02316643,ORDER_BLOCK,,
CASE-02316643,PREMIUM_DISCOUNT,,
CASE-02316643,MODEL_EVALUATION,,
CASE-032160A3,MARKET_STRUCTURE,,
CASE-032160A3,LIQUIDITY,,
CASE-032160A3,DISPLACEMENT,,
CASE-032160A3,FVG,,
CASE-032160A3,ORDER_BLOCK,,
CASE-032160A3,PREMIUM_DISCOUNT,,
CASE-032160A3,MODEL_EVALUATION,,
CASE-05B5316F,MARKET_STRUCTURE,,
CASE-05B5316F,LIQUIDITY,,
CASE-05B5316F,DISPLACEMENT,,
CASE-05B5316F,FVG,,
CASE-05B5316F,ORDER_BLOCK,,
CASE-05B5316F,PREMIUM_DISCOUNT,,
CASE-05B5316F,MODEL_EVALUATION,,
CASE-05306A86,MARKET_STRUCTURE,,
CASE-05306A86,LIQUIDITY,,
CASE-05306A86,DISPLACEMENT,,
CASE-05306A86,FVG,,
CASE-05306A86,ORDER_BLOCK,,
CASE-05306A86,PREMIUM_DISCOUNT,,
CASE-05306A86,MODEL_EVALUATION,,
CASE-010B4656,MARKET_STRUCTURE,,
CASE-010B4656,LIQUIDITY,,
CASE-010B4656,DISPLACEMENT,,
CASE-010B4656,FVG,,
CASE-010B4656,ORDER_BLOCK,,
CASE-010B4656,PREMIUM_DISCOUNT,,
CASE-010B4656,MODEL_EVALUATION,,
CASE-04989EED,MARKET_STRUCTURE,,
CASE-04989EED,LIQUIDITY,,
CASE-04989EED,DISPLACEMENT,,
CASE-04989EED,FVG,,
CASE-04989EED,ORDER_BLOCK,,
CASE-04989EED,PREMIUM_DISCOUNT,,
CASE-04989EED,MODEL_EVALUATION,,
CASE-05A57ED2,MARKET_STRUCTURE,,
CASE-05A57ED2,LIQUIDITY,,
CASE-05A57ED2,DISPLACEMENT,,
CASE-05A57ED2,FVG,,
CASE-05A57ED2,ORDER_BLOCK,,
CASE-05A57ED2,PREMIUM_DISCOUNT,,
CASE-05A57ED2,MODEL_EVALUATION,,
CASE-015F24D4,MARKET_STRUCTURE,,
CASE-015F24D4,LIQUIDITY,,
CASE-015F24D4,DISPLACEMENT,,
CASE-015F24D4,FVG,,
CASE-015F24D4,ORDER_BLOCK,,
CASE-015F24D4,PREMIUM_DISCOUNT,,
CASE-015F24D4,MODEL_EVALUATION,,
CASE-01FD9110,MARKET_STRUCTURE,,
CASE-01FD9110,LIQUIDITY,,
CASE-01FD9110,DISPLACEMENT,,
CASE-01FD9110,FVG,,
CASE-01FD9110,ORDER_BLOCK,,
CASE-01FD9110,PREMIUM_DISCOUNT,,
CASE-01FD9110,MODEL_EVALUATION,,
CASE-05A40088,MARKET_STRUCTURE,,
CASE-05A40088,LIQUIDITY,,
CASE-05A40088,DISPLACEMENT,,
CASE-05A40088,FVG,,
CASE-05A40088,ORDER_BLOCK,,
CASE-05A40088,PREMIUM_DISCOUNT,,
CASE-05A40088,MODEL_EVALUATION,,
CASE-05022B22,MARKET_STRUCTURE,,
CASE-05022B22,LIQUIDITY,,
CASE-05022B22,DISPLACEMENT,,
CASE-05022B22,FVG,,
CASE-05022B22,ORDER_BLOCK,,
CASE-05022B22,PREMIUM_DISCOUNT,,
CASE-05022B22,MODEL_EVALUATION,,
CASE-0501ADAD,MARKET_STRUCTURE,,
CASE-0501ADAD,LIQUIDITY,,
CASE-0501ADAD,DISPLACEMENT,,
CASE-0501ADAD,FVG,,
CASE-0501ADAD,ORDER_BLOCK,,
CASE-0501ADAD,PREMIUM_DISCOUNT,,
CASE-0501ADAD,MODEL_EVALUATION,,
CASE-04307533,MARKET_STRUCTURE,,
CASE-04307533,LIQUIDITY,,
CASE-04307533,DISPLACEMENT,,
CASE-04307533,FVG,,
CASE-04307533,ORDER_BLOCK,,
CASE-04307533,PREMIUM_DISCOUNT,,
CASE-04307533,MODEL_EVALUATION,,
CASE-00F416BD,MARKET_STRUCTURE,,
CASE-00F416BD,LIQUIDITY,,
CASE-00F416BD,DISPLACEMENT,,
CASE-00F416BD,FVG,,
CASE-00F416BD,ORDER_BLOCK,,
CASE-00F416BD,PREMIUM_DISCOUNT,,
CASE-00F416BD,MODEL_EVALUATION,,
CASE-03BA781B,MARKET_STRUCTURE,,
CASE-03BA781B,LIQUIDITY,,
CASE-03BA781B,DISPLACEMENT,,
CASE-03BA781B,FVG,,
CASE-03BA781B,ORDER_BLOCK,,
CASE-03BA781B,PREMIUM_DISCOUNT,,
CASE-03BA781B,MODEL_EVALUATION,,
CASE-030D2DC2,MARKET_STRUCTURE,,
CASE-030D2DC2,LIQUIDITY,,
CASE-030D2DC2,DISPLACEMENT,,
CASE-030D2DC2,FVG,,
CASE-030D2DC2,ORDER_BLOCK,,
CASE-030D2DC2,PREMIUM_DISCOUNT,,
CASE-030D2DC2,MODEL_EVALUATION,,
CASE-030D2E0D,MARKET_STRUCTURE,,
CASE-030D2E0D,LIQUIDITY,,
CASE-030D2E0D,DISPLACEMENT,,
CASE-030D2E0D,FVG,,
CASE-030D2E0D,ORDER_BLOCK,,
CASE-030D2E0D,PREMIUM_DISCOUNT,,
CASE-030D2E0D,MODEL_EVALUATION,,
CASE-057262B8,MARKET_STRUCTURE,,
CASE-057262B8,LIQUIDITY,,
CASE-057262B8,DISPLACEMENT,,
CASE-057262B8,FVG,,
CASE-057262B8,ORDER_BLOCK,,
CASE-057262B8,PREMIUM_DISCOUNT,,
CASE-057262B8,MODEL_EVALUATION,,
CASE-0521C569,MARKET_STRUCTURE,,
CASE-0521C569,LIQUIDITY,,
CASE-0521C569,DISPLACEMENT,,
CASE-0521C569,FVG,,
CASE-0521C569,ORDER_BLOCK,,
CASE-0521C569,PREMIUM_DISCOUNT,,
CASE-0521C569,MODEL_EVALUATION,,
CASE-037FE7E8,MARKET_STRUCTURE,,
CASE-037FE7E8,LIQUIDITY,,
CASE-037FE7E8,DISPLACEMENT,,
CASE-037FE7E8,FVG,,
CASE-037FE7E8,ORDER_BLOCK,,
CASE-037FE7E8,PREMIUM_DISCOUNT,,
CASE-037FE7E8,MODEL_EVALUATION,,
CASE-02772CF0,MARKET_STRUCTURE,,
CASE-02772CF0,LIQUIDITY,,
CASE-02772CF0,DISPLACEMENT,,
CASE-02772CF0,FVG,,
CASE-02772CF0,ORDER_BLOCK,,
CASE-02772CF0,PREMIUM_DISCOUNT,,
CASE-02772CF0,MODEL_EVALUATION,,
CASE-043B032C,MARKET_STRUCTURE,,
CASE-043B032C,LIQUIDITY,,
CASE-043B032C,DISPLACEMENT,,
CASE-043B032C,FVG,,
CASE-043B032C,ORDER_BLOCK,,
CASE-043B032C,PREMIUM_DISCOUNT,,
CASE-043B032C,MODEL_EVALUATION,,
CASE-00157C0C,MARKET_STRUCTURE,,
CASE-00157C0C,LIQUIDITY,,
CASE-00157C0C,DISPLACEMENT,,
CASE-00157C0C,FVG,,
CASE-00157C0C,ORDER_BLOCK,,
CASE-00157C0C,PREMIUM_DISCOUNT,,
CASE-00157C0C,MODEL_EVALUATION,,
CASE-05531227,MARKET_STRUCTURE,,
CASE-05531227,LIQUIDITY,,
CASE-05531227,DISPLACEMENT,,
CASE-05531227,FVG,,
CASE-05531227,ORDER_BLOCK,,
CASE-05531227,PREMIUM_DISCOUNT,,
CASE-05531227,MODEL_EVALUATION,,
CASE-04185922,MARKET_STRUCTURE,,
CASE-04185922,LIQUIDITY,,
CASE-04185922,DISPLACEMENT,,
CASE-04185922,FVG,,
CASE-04185922,ORDER_BLOCK,,
CASE-04185922,PREMIUM_DISCOUNT,,
CASE-04185922,MODEL_EVALUATION,,
CASE-0193ACBB,MARKET_STRUCTURE,,
CASE-0193ACBB,LIQUIDITY,,
CASE-0193ACBB,DISPLACEMENT,,
CASE-0193ACBB,FVG,,
CASE-0193ACBB,ORDER_BLOCK,,
CASE-0193ACBB,PREMIUM_DISCOUNT,,
CASE-0193ACBB,MODEL_EVALUATION,,
CASE-0251E003,MARKET_STRUCTURE,,
CASE-0251E003,LIQUIDITY,,
CASE-0251E003,DISPLACEMENT,,
CASE-0251E003,FVG,,
CASE-0251E003,ORDER_BLOCK,,
CASE-0251E003,PREMIUM_DISCOUNT,,
CASE-0251E003,MODEL_EVALUATION,,
CASE-02FB11F1,MARKET_STRUCTURE,,
CASE-02FB11F1,LIQUIDITY,,
CASE-02FB11F1,DISPLACEMENT,,
CASE-02FB11F1,FVG,,
CASE-02FB11F1,ORDER_BLOCK,,
CASE-02FB11F1,PREMIUM_DISCOUNT,,
CASE-02FB11F1,MODEL_EVALUATION,,
CASE-04565681,MARKET_STRUCTURE,,
CASE-04565681,LIQUIDITY,,
CASE-04565681,DISPLACEMENT,,
CASE-04565681,FVG,,
CASE-04565681,ORDER_BLOCK,,
CASE-04565681,PREMIUM_DISCOUNT,,
CASE-04565681,MODEL_EVALUATION,,
CASE-0561F681,MARKET_STRUCTURE,,
CASE-0561F681,LIQUIDITY,,
CASE-0561F681,DISPLACEMENT,,
CASE-0561F681,FVG,,
CASE-0561F681,ORDER_BLOCK,,
CASE-0561F681,PREMIUM_DISCOUNT,,
CASE-0561F681,MODEL_EVALUATION,,
CASE-02E44E2C,MARKET_STRUCTURE,,
CASE-02E44E2C,LIQUIDITY,,
CASE-02E44E2C,DISPLACEMENT,,
CASE-02E44E2C,FVG,,
CASE-02E44E2C,ORDER_BLOCK,,
CASE-02E44E2C,PREMIUM_DISCOUNT,,
CASE-02E44E2C,MODEL_EVALUATION,,
CASE-022FE176,MARKET_STRUCTURE,,
CASE-022FE176,LIQUIDITY,,
CASE-022FE176,DISPLACEMENT,,
CASE-022FE176,FVG,,
CASE-022FE176,ORDER_BLOCK,,
CASE-022FE176,PREMIUM_DISCOUNT,,
CASE-022FE176,MODEL_EVALUATION,,
CASE-0171D132,MARKET_STRUCTURE,,
CASE-0171D132,LIQUIDITY,,
CASE-0171D132,DISPLACEMENT,,
CASE-0171D132,FVG,,
CASE-0171D132,ORDER_BLOCK,,
CASE-0171D132,PREMIUM_DISCOUNT,,
CASE-0171D132,MODEL_EVALUATION,,
CASE-059CF7A8,MARKET_STRUCTURE,,
CASE-059CF7A8,LIQUIDITY,,
CASE-059CF7A8,DISPLACEMENT,,
CASE-059CF7A8,FVG,,
CASE-059CF7A8,ORDER_BLOCK,,
CASE-059CF7A8,PREMIUM_DISCOUNT,,
CASE-059CF7A8,MODEL_EVALUATION,,
CASE-0552216F,MARKET_STRUCTURE,,
CASE-0552216F,LIQUIDITY,,
CASE-0552216F,DISPLACEMENT,,
CASE-0552216F,FVG,,
CASE-0552216F,ORDER_BLOCK,,
CASE-0552216F,PREMIUM_DISCOUNT,,
CASE-0552216F,MODEL_EVALUATION,,
CASE-0006ACFD,MARKET_STRUCTURE,,
CASE-0006ACFD,LIQUIDITY,,
CASE-0006ACFD,DISPLACEMENT,,
CASE-0006ACFD,FVG,,
CASE-0006ACFD,ORDER_BLOCK,,
CASE-0006ACFD,PREMIUM_DISCOUNT,,
CASE-0006ACFD,MODEL_EVALUATION,,
